/*!40101 SET @saved_cs_client     = @@character_set_client */;
/*!50503 SET character_set_client = utf8mb4 */;
CREATE TABLE `deelname` (
  `wedstrijd` varchar(8) NOT NULL,
  `jaar` year NOT NULL,
  `teamid` int DEFAULT NULL,
  `rennerid` int NOT NULL,
  `rol` varchar(16) DEFAULT NULL,
  `waarde` int DEFAULT NULL,
  `punten` int DEFAULT NULL,
  PRIMARY KEY (`wedstrijd`,`jaar`,`rennerid`),
  KEY `teamid` (`teamid`),
  KEY `rennerid` (`rennerid`),
  CONSTRAINT `deelname_ibfk_1` FOREIGN KEY (`teamid`) REFERENCES `team` (`teamid`),
  CONSTRAINT `deelname_ibfk_2` FOREIGN KEY (`rennerid`) REFERENCES `renner` (`id`)
) ENGINE=InnoDB DEFAULT CHARSET=utf8mb4 COLLATE=utf8mb4_0900_ai_ci;
/*!40101 SET character_set_client = @saved_cs_client */;
INSERT INTO `deelname` (`wedstrijd`, `jaar`, `teamid`, `rennerid`, `rol`, `waarde`, `punten`) VALUES ('Giro',2019,10000,20001,'Aanvaller',6,16),('Giro',2019,10000,20002,'Aanvaller',6,40),('Giro',2019,10000,20007,'Knecht',3,5),('Giro',2019,10000,20008,'Knecht',3,15),('Giro',2019,10000,20009,'Knecht',1,30),('Giro',2019,10000,20010,'Aanvaller',1,5),('Giro',2019,10000,20011,'Knecht',1,5),('Giro',2019,10000,20012,'Knecht',1,66),('Giro',2019,10001,20020,'Knecht',3,26),('Giro',2019,10001,20021,'Sprinter',3,96),('Giro',2019,10001,20022,'Sprinter',2,42),('Giro',2019,10001,20023,'Knecht',2,128),('Giro',2019,10001,20024,'Klimmer',2,115),('Giro',2019,10001,20025,'Knecht',1,73),('Giro',2019,10001,20026,'Klimmer',1,8),('Giro',2019,10001,20027,'Knecht',1,11),('Giro',2019,10002,20029,'Klimmer',8,146),('Giro',2019,10002,20036,'Kopman',18,241),('Giro',2019,10002,20037,'Klimmer',12,22),('Giro',2019,10002,20038,'Knecht',4,49),('Giro',2019,10002,20039,'Klimmer',4,11),('Giro',2019,10002,20040,'Tijdrijder',2,32),('Giro',2019,10002,20041,'Klimmer',2,50),('Giro',2019,10002,20042,'Knecht',1,26),('Giro',2019,10003,20043,'Kopman',16,305),('Giro',2019,10003,20046,'Klimmer',8,126),('Giro',2019,10003,20051,'Klimmer',11,60),('Giro',2019,10003,20052,'Sprinter',2,11),('Giro',2019,10003,20053,'Knecht',1,22),('Giro',2019,10003,20054,'Knecht',1,11),('Giro',2019,10003,20055,'Klimmer',1,0),('Giro',2019,10003,20056,'Knecht',1,11),('Giro',2019,10004,20064,'Knecht',3,9),('Giro',2019,10004,20065,'Knecht',2,15),('Giro',2019,10004,20066,'Sprinter',2,33),('Giro',2019,10004,20067,'Tijdrijder',2,68),('Giro',2019,10004,20068,'Knecht',1,42),('Giro',2019,10004,20069,'Knecht',1,25),('Giro',2019,10004,20070,'Knecht',1,0),('Giro',2019,10004,20071,'Knecht',1,16),('Giro',2019,10005,20080,'Sprinter',13,288),('Giro',2019,10005,20081,'Kopman',12,144),('Giro',2019,10005,20082,'Klimmer',10,204),('Giro',2019,10005,20083,'Aanvaller',4,14),('Giro',2019,10005,20084,'Aanvaller',2,14),('Giro',2019,10005,20085,'Sprinter',2,76),('Giro',2019,10005,20086,'Klimmer',2,49),('Giro',2019,10005,20087,'Knecht',1,14),('Giro',2019,10008,20116,'Sprinter',5,30),('Giro',2019,10008,20117,'Knecht',3,34),('Giro',2019,10008,20118,'Klimmer',3,0),('Giro',2019,10008,20119,'Knecht',2,6),('Giro',2019,10008,20120,'Klimmer',2,66),('Giro',2019,10008,20121,'Knecht',1,5),('Giro',2019,10008,20122,'Knecht',1,63),('Giro',2019,10008,20123,'Knecht',1,5),('Giro',2019,10010,20141,'Sprinter',18,111),('Giro',2019,10010,20149,'Tijdrijder',12,65),('Giro',2019,10010,20150,'Tijdrijder',3,3),('Giro',2019,10010,20151,'Knecht',2,47),('Giro',2019,10010,20152,'Knecht',2,49),('Giro',2019,10010,20153,'Knecht',1,30),('Giro',2019,10010,20154,'Knecht',1,55),('Giro',2019,10010,20155,'Knecht',1,8),('Giro',2019,10011,20165,'Klimmer',3,104),('Giro',2019,10011,20169,'Sprinter',8,12),('Giro',2019,10011,20170,'Klimmer',4,122),('Giro',2019,10011,20171,'Knecht',3,0),('Giro',2019,10011,20172,'Klimmer',3,68),('Giro',2019,10011,20173,'Knecht',1,50),('Giro',2019,10011,20174,'Klimmer',1,8),('Giro',2019,10011,20175,'Knecht',1,8),('Giro',2019,10013,20197,'Sprinter',12,221),('Giro',2019,10013,20198,'Tijdrijder',2,54),('Giro',2019,10013,20199,'Sprinter',2,23),('Giro',2019,10013,20200,'Tijdrijder',1,8),('Giro',2019,10013,20201,'Sprinter',1,12),('Giro',2019,10013,20202,'Knecht',1,3),('Giro',2019,10013,20203,'Knecht',1,86),('Giro',2019,10013,20204,'Knecht',1,25),('Giro',2019,10014,20212,'Sprinter',3,22),('Giro',2019,10014,20213,'Aanvaller',3,27),('Giro',2019,10014,20214,'Sprinter',3,119),('Giro',2019,10014,20215,'Aanvaller',3,29),('Giro',2019,10014,20216,'Knecht',3,14),('Giro',2019,10014,20217,'Aanvaller',2,7),('Giro',2019,10014,20218,'Knecht',1,5),('Giro',2019,10014,20219,'Knecht',1,5),('Giro',2019,10015,20220,'Sprinter',14,168),('Giro',2019,10015,20221,'Aanvaller',9,75),('Giro',2019,10015,20226,'Knecht',2,19),('Giro',2019,10015,20227,'Knecht',2,33),('Giro',2019,10015,20228,'Tijdrijder',7,84),('Giro',2019,10015,20229,'Klimmer',3,3),('Giro',2019,10015,20230,'Aanvaller',2,27),('Giro',2019,10015,20231,'Knecht',1,8),('Giro',2019,10016,20238,'Kopman',19,185),('Giro',2019,10016,20243,'Tijdrijder',3,23),('Giro',2019,10016,20244,'Knecht',2,8),('Giro',2019,10016,20246,'Klimmer',9,82),('Giro',2019,10016,20247,'Klimmer',6,90),('Giro',2019,10016,20248,'Aanvaller',2,13),('Giro',2019,10016,20249,'Tijdrijder',1,45),('Giro',2019,10016,20250,'Knecht',1,2),('Giro',2019,10017,20259,'Kopman',14,209),('Giro',2019,10017,20261,'Knecht',5,44),('Giro',2019,10017,20265,'Klimmer',9,395),('Giro',2019,10017,20266,'Knecht',2,96),('Giro',2019,10017,20267,'Tijdrijder',2,24),('Giro',2019,10017,20268,'Klimmer',2,24),('Giro',2019,10017,20269,'Knecht',1,49),('Giro',2019,10017,20270,'Knecht',1,24),('Giro',2019,10018,20272,'Knecht',2,21),('Giro',2019,10018,20273,'Knecht',2,8),('Giro',2019,10018,20274,'Knecht',2,68),('Giro',2019,10018,20275,'Sprinter',2,32),('Giro',2019,10018,20276,'Knecht',1,50),('Giro',2019,10018,20277,'Knecht',1,45),('Giro',2019,10018,20278,'Knecht',1,0),('Giro',2019,10018,20279,'Knecht',1,3),('Giro',2019,10020,20290,'Sprinter',9,73),('Giro',2019,10020,20296,'Knecht',4,11),('Giro',2019,10020,20297,'Sprinter',3,69),('Giro',2019,10020,20298,'Sprinter',2,0),('Giro',2019,10020,20299,'Aanvaller',2,12),('Giro',2019,10020,20300,'Knecht',1,11),('Giro',2019,10020,20301,'Knecht',1,10),('Giro',2019,10020,20302,'Knecht',1,9),('Giro',2019,10021,20315,'Klimmer',7,5),('Giro',2019,10021,20316,'Klimmer',4,23),('Giro',2019,10021,20317,'Knecht',4,39),('Giro',2019,10021,20318,'Knecht',2,25),('Giro',2019,10021,20319,'Klimmer',2,5),('Giro',2019,10021,20320,'Knecht',1,5),('Giro',2019,10021,20321,'Tijdrijder',1,105),('Giro',2019,10021,20322,'Knecht',1,18),('Giro',2019,10022,20331,'Klimmer',5,24),('Giro',2019,10022,20335,'Kopman',18,323),('Giro',2019,10022,20336,'Tijdrijder',4,15),('Giro',2019,10022,20337,'Knecht',3,14),('Giro',2019,10022,20338,'Knecht',2,8),('Giro',2019,10022,20339,'Knecht',2,27),('Giro',2019,10022,20340,'Knecht',1,17),('Giro',2019,10022,20341,'Knecht',1,8),('Giro',2019,10023,20345,'Kopman',12,98),('Giro',2019,10023,20346,'Sprinter',3,11),('Giro',2019,10023,20353,'Knecht',5,23),('Giro',2019,10023,20354,'Klimmer',4,0),('Giro',2019,10023,20355,'Knecht',3,26),('Giro',2019,10023,20356,'Aanvaller',1,21),('Giro',2019,10023,20357,'Knecht',1,5),('Giro',2019,10023,20358,'Knecht',1,5),('Giro',2019,10024,20367,'Aanvaller',1,70),('Giro',2019,10024,20372,'Kopman',20,29),('Giro',2019,10024,20373,'Klimmer',9,13),('Giro',2019,10024,20374,'Klimmer',3,21),('Giro',2019,10024,20375,'Knecht',3,28),('Giro',2019,10024,20376,'Knecht',2,0),('Giro',2019,10024,20377,'Knecht',2,11),('Giro',2019,10024,20378,'Knecht',1,0),('Giro',2019,10026,20391,'Aanvaller',10,186),('Giro',2019,10026,20393,'Aanvaller',4,224),('Giro',2019,10026,20399,'Aanvaller',4,54),('Giro',2019,10026,20400,'Klimmer',2,8),('Giro',2019,10026,20401,'Knecht',1,24),('Giro',2019,10026,20402,'Sprinter',1,40),('Giro',2019,10026,20403,'Knecht',1,8),('Giro',2019,10026,20404,'Knecht',1,25),('Giro',2019,10027,20420,'Sprinter',16,87),('Giro',2019,10027,20421,'Aanvaller',9,45),('Giro',2019,10027,20422,'Sprinter',3,60),('Giro',2019,10027,20423,'Knecht',2,126),('Giro',2019,10027,20424,'Sprinter',2,3),('Giro',2019,10027,20425,'Aanvaller',2,32),('Giro',2019,10027,20426,'Knecht',2,92),('Giro',2019,10027,20427,'Tijdrijder',1,21),('Giro',2020,10024,20008,'Knecht',1,38),('Giro',2020,10000,20009,'Knecht',1,22),('Giro',2020,10000,20010,'Aanvaller',1,53),('Giro',2020,10000,20011,'Knecht',2,0),('Giro',2020,10000,20018,'Knecht',1,26),('Giro',2020,10001,20021,'Sprinter',3,0),('Giro',2020,10010,20023,'Aanvaller',5,140),('Giro',2020,10010,20024,'Klimmer',3,0),('Giro',2020,10000,20025,'Aanvaller',4,127),('Giro',2020,10038,20027,'Sprinter',2,5),('Giro',2020,10002,20028,'Kopman',16,192),('Giro',2020,10030,20029,'Klimmer',6,213),('Giro',2020,10002,20035,'Knecht',1,0),('Giro',2020,10002,20036,'Kopman',18,0),('Giro',2020,10017,20038,'Knecht',3,5),('Giro',2020,10017,20039,'Klimmer',3,28),('Giro',2020,10002,20040,'Tijdrijder',1,19),('Giro',2020,10016,20042,'Knecht',1,0),('Giro',2020,10026,20043,'Kopman',18,187),('Giro',2020,10034,20045,'Tijdrijder',6,146),('Giro',2020,10030,20050,'Aanvaller',2,97),('Giro',2020,10037,20051,'Klimmer',9,136),('Giro',2020,10030,20052,'Sprinter',2,0),('Giro',2020,10026,20054,'Knecht',1,5),('Giro',2020,10030,20058,'Tijdrijder',2,41),('Giro',2020,10030,20061,'Knecht',1,11),('Giro',2020,10030,20062,'Aanvaller',1,24),('Giro',2020,10030,20063,'Knecht',1,121),('Giro',2020,10038,20065,'Knecht',1,16),('Giro',2020,10031,20067,'Aanvaller',2,18),('Giro',2020,10031,20071,'Knecht',1,0),('Giro',2020,10005,20072,'Sprinter',20,186),('Giro',2020,10005,20075,'Klimmer',7,211),('Giro',2020,10005,20082,'Kopman',14,170),('Giro',2020,10005,20084,'Aanvaller',2,8),('Giro',2020,10005,20086,'Klimmer',2,12),('Giro',2020,10002,20100,'Klimmer',5,0),('Giro',2020,10008,20109,'Aanvaller',3,0),('Giro',2020,10008,20111,'Tijdrijder',3,0),('Giro',2020,10008,20112,'Tijdrijder',2,66),('Giro',2020,10008,20116,'Sprinter',4,0),('Giro',2020,10008,20117,'Klimmer',2,10),('Giro',2020,10008,20121,'Knecht',1,36),('Giro',2020,10008,20122,'Knecht',1,126),('Giro',2020,10032,20130,'Klimmer',2,11),('Giro',2020,10032,20134,'Knecht',2,5),('Giro',2020,10032,20138,'Knecht',1,22),('Giro',2020,10032,20141,'Sprinter',12,59),('Giro',2020,10027,20146,'Knecht',2,0),('Giro',2020,10010,20150,'Knecht',2,82),('Giro',2020,10032,20151,'Knecht',1,0),('Giro',2020,10030,20153,'Knecht',1,12),('Giro',2020,10010,20154,'Knecht',1,44),('Giro',2020,10010,20155,'Knecht',1,106),('Giro',2020,10010,20159,'Tijdrijder',2,0),('Giro',2020,10033,20165,'Klimmer',3,49),('Giro',2020,10033,20166,'Sprinter',4,64),('Giro',2020,10027,20172,'Klimmer',3,5),('Giro',2020,10033,20173,'Knecht',2,8),('Giro',2020,10033,20174,'Knecht',2,70),('Giro',2020,10033,20180,'Knecht',1,21),('Giro',2020,10002,20181,'Klimmer',4,26),('Giro',2020,10017,20188,'Knecht',1,60),('Giro',2020,10013,20197,'Sprinter',18,241),('Giro',2020,10013,20198,'Tijdrijder',2,0),('Giro',2020,10013,20199,'Sprinter',2,17),('Giro',2020,10013,20200,'Tijdrijder',1,51),('Giro',2020,10013,20201,'Knecht',1,0),('Giro',2020,10013,20202,'Knecht',1,5),('Giro',2020,10013,20204,'Knecht',1,0),('Giro',2020,10013,20210,'Knecht',1,0),('Giro',2020,10013,20211,'Klimmer',2,61),('Giro',2020,10035,20214,'Sprinter',5,42),('Giro',2020,10015,20221,'Aanvaller',7,108),('Giro',2020,10037,20228,'Tijdrijder',5,81),('Giro',2020,10015,20231,'Knecht',1,5),('Giro',2020,10015,20233,'Knecht',1,25),('Giro',2020,10015,20236,'Knecht',1,80),('Giro',2020,10015,20237,'Kopman',11,5),('Giro',2020,10016,20238,'Kopman',19,11),('Giro',2020,10016,20242,'Knecht',5,5),('Giro',2020,10016,20244,'Knecht',1,0),('Giro',2020,10016,20245,'Knecht',1,9),('Giro',2020,10016,20249,'Tijdrijder',2,60),('Giro',2020,10016,20250,'Tijdrijder',1,0),('Giro',2020,10016,20255,'Tijdrijder',2,0),('Giro',2020,10016,20256,'Klimmer',1,0),('Giro',2020,10017,20260,'Klimmer',9,0),('Giro',2020,10034,20261,'Knecht',1,0),('Giro',2020,10017,20269,'Knecht',2,39),('Giro',2020,10017,20270,'Knecht',2,5),('Giro',2020,10031,20277,'Sprinter',1,30),('Giro',2020,10037,20296,'Klimmer',3,102),('Giro',2020,10037,20300,'Knecht',1,27),('Giro',2020,10037,20301,'Knecht',1,8),('Giro',2020,10030,20302,'Knecht',1,0),('Giro',2020,10037,20303,'Klimmer',4,13),('Giro',2020,10034,20307,'Kopman',19,45),('Giro',2020,10034,20311,'Tijdrijder',2,107),('Giro',2020,10034,20315,'Klimmer',4,0),('Giro',2020,10034,20316,'Klimmer',3,0),('Giro',2020,10034,20317,'Aanvaller',2,0),('Giro',2020,10034,20318,'Knecht',7,379),('Giro',2020,10034,20319,'Klimmer',2,63),('Giro',2020,10034,20320,'Knecht',1,66),('Giro',2020,10036,20328,'Kopman',18,30),('Giro',2020,10036,20332,'Tijdrijder',2,0),('Giro',2020,10036,20336,'Tijdrijder',2,13),('Giro',2020,10036,20337,'Klimmer',1,0),('Giro',2020,10036,20339,'Knecht',2,0),('Giro',2020,10008,20345,'Klimmer',9,49),('Giro',2020,10035,20349,'Tijdrijder',2,64),('Giro',2020,10035,20352,'Sprinter',2,38),('Giro',2020,10030,20353,'Aanvaller',5,77),('Giro',2020,10035,20354,'Klimmer',3,8),('Giro',2020,10033,20359,'Klimmer',2,167),('Giro',2020,10008,20361,'Knecht',1,0),('Giro',2020,10005,20362,'Knecht',1,28),('Giro',2020,10024,20364,'Sprinter',15,104),('Giro',2020,10024,20365,'Kopman',13,325),('Giro',2020,10024,20367,'Aanvaller',3,39),('Giro',2020,10024,20373,'Klimmer',6,21),('Giro',2020,10024,20374,'Klimmer',3,5),('Giro',2020,10024,20377,'Knecht',2,291),('Giro',2020,10024,20380,'Knecht',1,0),('Giro',2020,10024,20382,'Knecht',1,25),('Giro',2020,10026,20393,'Klimmer',8,0),('Giro',2020,10002,20396,'Aanvaller',3,33),('Giro',2020,10026,20397,'Knecht',1,5),('Giro',2020,10026,20398,'Knecht',1,0),('Giro',2020,10026,20399,'Aanvaller',4,27),('Giro',2020,10026,20404,'Knecht',1,5),('Giro',2020,10026,20411,'Knecht',1,47),('Giro',2020,10027,20416,'Klimmer',4,0),('Giro',2020,10027,20420,'Sprinter',15,42),('Giro',2020,10027,20421,'Aanvaller',7,92),('Giro',2020,10032,20422,'Sprinter',2,27),('Giro',2020,10027,20423,'Aanvaller',4,18),('Giro',2020,10027,20424,'Sprinter',2,21),('Giro',2020,10027,20429,'Knecht',1,0),('Giro',2020,10000,20438,'Klimmer',1,0),('Giro',2020,10000,20439,'Knecht',1,8),('Giro',2020,10000,20440,'Knecht',1,18),('Giro',2020,10001,20445,'Klimmer',3,53),('Giro',2020,10001,20446,'Sprinter',2,15),('Giro',2020,10001,20447,'Knecht',1,5),('Giro',2020,10001,20448,'Knecht',1,7),('Giro',2020,10001,20449,'Klimmer',1,9),('Giro',2020,10001,20450,'Knecht',1,5),('Giro',2020,10001,20451,'Knecht',1,25),('Giro',2020,10001,20452,'Tijdrijder',1,5),('Giro',2020,10002,20453,'Klimmer',13,0),('Giro',2020,10002,20454,'Knecht',1,5),('Giro',2020,10002,20455,'Klimmer',1,5),('Giro',2020,10002,20456,'Knecht',1,0),('Giro',2020,10002,20457,'Knecht',1,0),('Giro',2020,10031,20473,'Knecht',1,44),('Giro',2020,10031,20474,'Knecht',1,5),('Giro',2020,10031,20475,'Knecht',1,5),('Giro',2020,10031,20476,'Knecht',1,20),('Giro',2020,10031,20477,'Knecht',1,5),('Giro',2020,10005,20478,'Tijdrijder',2,16),('Giro',2020,10005,20479,'Knecht',1,0),('Giro',2020,10008,20489,'Knecht',1,29),('Giro',2020,10008,20490,'Aanvaller',1,29),('Giro',2020,10032,20493,'Aanvaller',3,15),('Giro',2020,10032,20494,'Aanvaller',1,5),('Giro',2020,10032,20495,'Tijdrijder',1,12),('Giro',2020,10032,20496,'Aanvaller',1,0),('Giro',2020,10010,20499,'Klimmer',6,600),('Giro',2020,10010,20500,'Sprinter',4,74),('Giro',2020,10010,20501,'Sprinter',3,101),('Giro',2020,10010,20502,'Knecht',1,51),('Giro',2020,10033,20507,'Knecht',1,0),('Giro',2020,10033,20508,'Klimmer',1,16),('Giro',2020,10033,20509,'Knecht',1,8),('Giro',2020,10013,20510,'Knecht',1,5),('Giro',2020,10034,20511,'Tijdrijder',4,239),('Giro',2020,10034,20512,'Sprinter',2,114),('Giro',2020,10035,20517,'Sprinter',3,29),('Giro',2020,10035,20518,'Tijdrijder',2,54),('Giro',2020,10035,20519,'Knecht',1,3),('Giro',2020,10035,20520,'Knecht',1,8),('Giro',2020,10036,20530,'Klimmer',1,31),('Giro',2020,10036,20531,'Tijdrijder',1,0),('Giro',2020,10036,20532,'Knecht',1,1),('Giro',2020,10015,20534,'Knecht',1,5),('Giro',2020,10015,20535,'Klimmer',1,36),('Giro',2020,10015,20536,'Knecht',1,39),('Giro',2020,10016,20543,'Tijdrijder',1,0),('Giro',2020,10016,20544,'Knecht',1,0),('Giro',2020,10017,20548,'Knecht',2,0),('Giro',2020,10017,20549,'Klimmer',1,0),('Giro',2020,10017,20550,'Klimmer',1,30),('Giro',2020,10017,20551,'Klimmer',1,5),('Giro',2020,10017,20552,'Knecht',1,20),('Giro',2020,10037,20553,'Knecht',1,58),('Giro',2020,10037,20554,'Knecht',1,8),('Giro',2020,10026,20583,'Klimmer',2,0),('Giro',2020,10026,20584,'Knecht',1,0),('Giro',2020,10027,20590,'Tijdrijder',2,102),('Giro',2020,10027,20591,'Klimmer',2,159),('Giro',2020,10038,20596,'Aanvaller',4,22),('Giro',2020,10038,20597,'Aanvaller',3,45),('Giro',2020,10038,20598,'Knecht',1,5),('Giro',2020,10038,20599,'Knecht',1,22),('Giro',2020,10038,20600,'Knecht',1,5),('Giro',2020,10038,20601,'Knecht',1,0),('Giro',2021,10039,20002,'Aanvaller',3,8),('Giro',2021,10039,20003,'Knecht',2,0),('Giro',2021,10039,20004,'Aanvaller',2,25),('Giro',2021,10047,20008,'Knecht',1,19),('Giro',2021,10039,20009,'Knecht',1,0),('Giro',2021,10039,20010,'Knecht',1,8),('Giro',2021,10039,20011,'Knecht',1,0),('Giro',2021,10050,20021,'Sprinter',2,21),('Giro',2021,10050,20022,'Knecht',2,55),('Giro',2021,10010,20023,'Aanvaller',6,0),('Giro',2021,10039,20025,'Sprinter',4,82),('Giro',2021,10043,20029,'Klimmer',11,44),('Giro',2021,10041,20031,'Tijdrijder',6,11),('Giro',2021,10041,20032,'Aanvaller',4,28),('Giro',2021,10017,20038,'Knecht',2,34),('Giro',2021,10017,20039,'Klimmer',2,5),('Giro',2021,10048,20041,'Klimmer',3,35),('Giro',2021,10026,20043,'Kopman',17,25),('Giro',2021,10043,20046,'Klimmer',7,285),('Giro',2021,10043,20047,'Aanvaller',7,11),('Giro',2021,10043,20050,'Aanvaller',2,92),('Giro',2021,10046,20051,'Kopman',9,0),('Giro',2021,10043,20061,'Knecht',1,11),('Giro',2021,10043,20062,'Knecht',1,0),('Giro',2021,10031,20067,'Aanvaller',1,27),('Giro',2021,10005,20072,'Sprinter',16,225),('Giro',2021,10005,20073,'Kopman',14,42),('Giro',2021,10005,20077,'Knecht',1,5),('Giro',2021,10027,20081,'Klimmer',12,61),('Giro',2021,10005,20086,'Klimmer',1,5),('Giro',2021,10005,20090,'Klimmer',3,18),('Giro',2021,10035,20109,'Aanvaller',4,57),('Giro',2021,10035,20111,'Tijdrijder',4,34),('Giro',2021,10046,20114,'Aanvaller',1,22),('Giro',2021,10044,20124,'Knecht',1,0),('Giro',2021,10032,20130,'Klimmer',2,36),('Giro',2021,10032,20131,'Knecht',1,0),('Giro',2021,10032,20141,'Sprinter',12,113),('Giro',2021,10027,20146,'Knecht',1,15),('Giro',2021,10010,20150,'Klimmer',4,8),('Giro',2021,10032,20151,'Knecht',1,5),('Giro',2021,10010,20154,'Knecht',1,8),('Giro',2021,10010,20155,'Knecht',2,24),('Giro',2021,10010,20159,'Tijdrijder',4,83),('Giro',2021,10044,20163,'Klimmer',1,8),('Giro',2021,10044,20164,'Aanvaller',4,102),('Giro',2021,10042,20165,'Klimmer',3,8),('Giro',2021,10044,20170,'Kopman',14,142),('Giro',2021,10027,20172,'Klimmer',2,48),('Giro',2021,10044,20174,'Klimmer',2,3),('Giro',2021,10034,20176,'Klimmer',10,215),('Giro',2021,10013,20192,'Aanvaller',2,5),('Giro',2021,10013,20193,'Klimmer',3,0),('Giro',2021,10013,20198,'Tijdrijder',1,0),('Giro',2021,10013,20209,'Knecht',1,5),('Giro',2021,10046,20211,'Klimmer',1,11),('Giro',2021,10035,20213,'Aanvaller',2,0),('Giro',2021,10035,20214,'Sprinter',3,129),('Giro',2021,10035,20219,'Knecht',1,16),('Giro',2021,10015,20220,'Sprinter',19,77),('Giro',2021,10015,20221,'Aanvaller',7,0),('Giro',2021,10044,20224,'Aanvaller',1,8),('Giro',2021,10015,20226,'Knecht',1,26),('Giro',2021,10015,20227,'Knecht',2,7),('Giro',2021,10046,20228,'Tijdrijder',4,63),('Giro',2021,10015,20232,'Aanvaller',1,0),('Giro',2021,10015,20236,'Klimmer',5,39),('Giro',2021,10042,20238,'Kopman',19,235),('Giro',2021,10042,20244,'Knecht',1,25),('Giro',2021,10042,20245,'Knecht',1,8),('Giro',2021,10042,20247,'Klimmer',4,16),('Giro',2021,10042,20256,'Knecht',1,16),('Giro',2021,10043,20259,'Kopman',15,11),('Giro',2021,10017,20260,'Kopman',13,54),('Giro',2021,10017,20262,'Tijdrijder',3,76),('Giro',2021,10017,20269,'Knecht',1,62),('Giro',2021,10046,20290,'Sprinter',12,102),('Giro',2021,10026,20300,'Knecht',1,5),('Giro',2021,10034,20308,'Kopman',18,573),('Giro',2021,10034,20311,'Tijdrijder',2,47),('Giro',2021,10034,20313,'Knecht',3,111),('Giro',2021,10034,20315,'Klimmer',4,0),('Giro',2021,10034,20319,'Aanvaller',3,33),('Giro',2021,10034,20320,'Knecht',1,30),('Giro',2021,10034,20321,'Kopman',12,0),('Giro',2021,10036,20327,'Sprinter',14,65),('Giro',2021,10036,20329,'Klimmer',12,121),('Giro',2021,10036,20336,'Tijdrijder',1,28),('Giro',2021,10036,20339,'Knecht',1,76),('Giro',2021,10036,20340,'Knecht',1,14),('Giro',2021,10035,20349,'Tijdrijder',2,9),('Giro',2021,10031,20353,'Aanvaller',4,31),('Giro',2021,10044,20359,'Klimmer',5,8),('Giro',2021,10005,20362,'Aanvaller',3,5),('Giro',2021,10047,20368,'Knecht',2,107),('Giro',2021,10047,20369,'Klimmer',6,34),('Giro',2021,10047,20374,'Klimmer',3,41),('Giro',2021,10040,20376,'Knecht',2,30),('Giro',2021,10047,20377,'Klimmer',15,3),('Giro',2021,10046,20379,'Sprinter',3,76),('Giro',2021,10047,20381,'Knecht',1,21),('Giro',2021,10048,20385,'Klimmer',2,33),('Giro',2021,10026,20391,'Aanvaller',11,50),('Giro',2021,10026,20393,'Klimmer',8,115),('Giro',2021,10041,20396,'Knecht',2,18),('Giro',2021,10026,20398,'Knecht',1,5),('Giro',2021,10026,20399,'Aanvaller',4,27),('Giro',2021,10026,20402,'Sprinter',4,67),('Giro',2021,10026,20411,'Knecht',1,34),('Giro',2021,10035,20412,'Kopman',14,173),('Giro',2021,10027,20420,'Sprinter',14,128),('Giro',2021,10027,20421,'Aanvaller',7,91),('Giro',2021,10032,20422,'Sprinter',2,64),('Giro',2021,10027,20423,'Aanvaller',3,14),('Giro',2021,10027,20424,'Sprinter',2,64),('Giro',2021,10048,20431,'Sprinter',2,69),('Giro',2021,10047,20441,'Kopman',12,174),('Giro',2021,10039,20443,'Klimmer',3,0),('Giro',2021,10001,20445,'Aanvaller',3,16),('Giro',2021,10001,20449,'Klimmer',2,0),('Giro',2021,10001,20451,'Knecht',1,20),('Giro',2021,10041,20457,'Knecht',1,12),('Giro',2021,10041,20458,'Klimmer',2,9),('Giro',2021,10043,20468,'Knecht',2,11),('Giro',2021,10043,20469,'Klimmer',1,0),('Giro',2021,10031,20473,'Knecht',1,66),('Giro',2021,10031,20476,'Knecht',1,0),('Giro',2021,10031,20477,'Knecht',1,20),('Giro',2021,10005,20478,'Tijdrijder',2,28),('Giro',2021,10013,20490,'Aanvaller',1,95),('Giro',2021,10032,20497,'Knecht',1,38),('Giro',2021,10010,20499,'Klimmer',15,259),('Giro',2021,10010,20502,'Knecht',1,25),('Giro',2021,10044,20507,'Knecht',1,11),('Giro',2021,10013,20510,'Knecht',1,27),('Giro',2021,10034,20511,'Tijdrijder',12,160),('Giro',2021,10035,20518,'Tijdrijder',2,37),('Giro',2021,10013,20525,'Knecht',1,11),('Giro',2021,10036,20530,'Klimmer',2,159),('Giro',2021,10015,20536,'Sprinter',2,78),('Giro',2021,10015,20540,'Knecht',1,20),('Giro',2021,10036,20543,'Tijdrijder',3,106),('Giro',2021,10042,20544,'Knecht',1,8),('Giro',2021,10042,20546,'Knecht',1,8),('Giro',2021,10017,20550,'Klimmer',1,12),('Giro',2021,10001,20551,'Klimmer',2,18),('Giro',2021,10017,20552,'Knecht',1,22),('Giro',2021,10041,20553,'Knecht',1,34),('Giro',2021,10043,20555,'Aanvaller',2,59),('Giro',2021,10047,20569,'Sprinter',2,55),('Giro',2021,10027,20593,'Knecht',1,90),('Giro',2021,10050,20596,'Aanvaller',2,0),('Giro',2021,10031,20597,'Aanvaller',2,27),('Giro',2021,10039,20602,'Knecht',1,53),('Giro',2021,10040,20606,'Aanvaller',2,93),('Giro',2021,10040,20607,'Aanvaller',3,46),('Giro',2021,10040,20608,'Knecht',1,35),('Giro',2021,10040,20609,'Knecht',1,15),('Giro',2021,10040,20610,'Knecht',1,5),('Giro',2021,10040,20611,'Knecht',1,5),('Giro',2021,10001,20617,'Knecht',1,36),('Giro',2021,10001,20618,'Knecht',1,18),('Giro',2021,10001,20619,'Knecht',1,8),('Giro',2021,10001,20620,'Knecht',1,5),('Giro',2021,10041,20621,'Kopman',14,236),('Giro',2021,10041,20622,'Knecht',1,22),('Giro',2021,10031,20626,'Knecht',1,11),('Giro',2021,10031,20627,'Knecht',1,5),('Giro',2021,10031,20628,'Knecht',1,5),('Giro',2021,10005,20629,'Knecht',1,5),('Giro',2021,10032,20639,'Knecht',1,5),('Giro',2021,10032,20640,'Knecht',1,0),('Giro',2021,10010,20643,'Kopman',10,95),('Giro',2021,10040,20645,'Sprinter',12,87),('Giro',2021,10044,20648,'Knecht',2,8),('Giro',2021,10050,20651,'Knecht',1,86),('Giro',2021,10050,20652,'Sprinter',2,45),('Giro',2021,10050,20653,'Aanvaller',1,10),('Giro',2021,10050,20654,'Klimmer',1,9),('Giro',2021,10050,20655,'Knecht',1,5),('Giro',2021,10050,20656,'Knecht',1,5),('Giro',2021,10050,20657,'Aanvaller',1,0),('Giro',2021,10050,20658,'Knecht',1,0),('Giro',2021,10013,20663,'Knecht',1,13),('Giro',2021,10013,20664,'Knecht',1,5),('Giro',2021,10048,20668,'Aanvaller',1,62),('Giro',2021,10048,20669,'Aanvaller',3,57),('Giro',2021,10048,20670,'Knecht',1,28),('Giro',2021,10048,20671,'Sprinter',1,17),('Giro',2021,10048,20672,'Knecht',1,11),('Giro',2021,10036,20679,'Sprinter',3,6),('Giro',2021,10017,20687,'Klimmer',2,5),('Giro',2021,10046,20692,'Knecht',1,46),('Giro',2021,10046,20693,'Knecht',1,11),('Giro',2021,10026,20697,'Tijdrijder',1,0),('Giro',2022,10039,20005,'Knecht',1,20),('Giro',2022,10047,20008,'Knecht',1,11),('Giro',2022,10039,20012,'Aanvaller',2,11),('Giro',2022,10050,20022,'Knecht',2,5),('Giro',2022,10039,20025,'Aanvaller',4,116),('Giro',2022,10043,20029,'Klimmer',13,191),('Giro',2022,10056,20033,'Aanvaller',6,80),('Giro',2022,10053,20036,'Kopman',16,0),('Giro',2022,10026,20038,'Knecht',2,8),('Giro',2022,10032,20039,'Klimmer',1,27),('Giro',2022,10048,20041,'Klimmer',3,154),('Giro',2022,10053,20043,'Klimmer',10,155),('Giro',2022,10043,20050,'Aanvaller',2,0),('Giro',2022,10048,20051,'Kopman',7,103),('Giro',2022,10043,20057,'Sprinter',5,108),('Giro',2022,10043,20062,'Knecht',1,61),('Giro',2022,10048,20065,'Aanvaller',1,41),('Giro',2022,10050,20069,'Knecht',2,12),('Giro',2022,10031,20071,'Knecht',1,40),('Giro',2022,10005,20073,'Klimmer',7,116),('Giro',2022,10027,20081,'Klimmer',8,49),('Giro',2022,10015,20085,'Knecht',1,3),('Giro',2022,10005,20086,'Klimmer',1,17),('Giro',2022,10015,20087,'Aanvaller',4,24),('Giro',2022,10058,20109,'Aanvaller',2,8),('Giro',2022,10052,20116,'Sprinter',1,22),('Giro',2022,10017,20124,'Knecht',1,14),('Giro',2022,10032,20132,'Knecht',1,5),('Giro',2022,10032,20135,'Knecht',1,5),('Giro',2022,10027,20146,'Knecht',1,14),('Giro',2022,10059,20148,'Knecht',2,4),('Giro',2022,10059,20150,'Klimmer',3,5),('Giro',2022,10059,20154,'Knecht',1,5),('Giro',2022,10031,20169,'Sprinter',2,36),('Giro',2022,10056,20170,'Kopman',11,149),('Giro',2022,10053,20172,'Klimmer',1,13),('Giro',2022,10056,20174,'Klimmer',4,0),('Giro',2022,10060,20180,'Knecht',1,8),('Giro',2022,10017,20188,'Knecht',1,0),('Giro',2022,10013,20197,'Sprinter',12,273),('Giro',2022,10013,20198,'Tijdrijder',1,11),('Giro',2022,10013,20199,'Knecht',2,6),('Giro',2022,10013,20200,'Aanvaller',2,5),('Giro',2022,10013,20201,'Knecht',1,5),('Giro',2022,10013,20202,'Knecht',1,5),('Giro',2022,10032,20214,'Sprinter',3,20),('Giro',2022,10015,20220,'Sprinter',18,61),('Giro',2022,10015,20221,'Aanvaller',4,50),('Giro',2022,10015,20226,'Knecht',1,8),('Giro',2022,10015,20236,'Klimmer',3,27),('Giro',2022,10060,20238,'Kopman',17,86),('Giro',2022,10060,20244,'Knecht',2,8),('Giro',2022,10060,20245,'Knecht',1,27),('Giro',2022,10060,20249,'Klimmer',4,73),('Giro',2022,10060,20255,'Knecht',1,8),('Giro',2022,10017,20257,'Kopman',12,113),('Giro',2022,10043,20259,'Kopman',15,221),('Giro',2022,10034,20265,'Kopman',18,396),('Giro',2022,10017,20266,'Knecht',1,19),('Giro',2022,10043,20267,'Knecht',1,27),('Giro',2022,10017,20269,'Knecht',2,66),('Giro',2022,10017,20271,'Knecht',1,32),('Giro',2022,10058,20290,'Sprinter',13,76),('Giro',2022,10043,20310,'Klimmer',8,57),('Giro',2022,10034,20311,'Tijdrijder',2,11),('Giro',2022,10017,20315,'Klimmer',5,12),('Giro',2022,10034,20319,'Aanvaller',3,29),('Giro',2022,10034,20320,'Knecht',1,11),('Giro',2022,10034,20321,'Kopman',10,38),('Giro',2022,10053,20323,'Klimmer',4,0),('Giro',2022,10056,20324,'Knecht',2,3),('Giro',2022,10036,20336,'Tijdrijder',1,14),('Giro',2022,10036,20339,'Knecht',2,202),('Giro',2022,10058,20349,'Tijdrijder',2,5),('Giro',2022,10058,20352,'Knecht',1,30),('Giro',2022,10058,20356,'Aanvaller',2,7),('Giro',2022,10058,20357,'Knecht',1,5),('Giro',2022,10005,20365,'Kopman',12,126),('Giro',2022,10047,20370,'Sprinter',4,8),('Giro',2022,10005,20371,'Aanvaller',4,186),('Giro',2022,10036,20372,'Kopman',11,68),('Giro',2022,10036,20373,'Klimmer',4,49),('Giro',2022,10047,20374,'Klimmer',3,5),('Giro',2022,10005,20377,'Klimmer',14,308),('Giro',2022,10047,20382,'Knecht',1,41),('Giro',2022,10039,20383,'Aanvaller',2,18),('Giro',2022,10048,20385,'Klimmer',1,56),('Giro',2022,10026,20391,'Aanvaller',9,136),('Giro',2022,10034,20392,'Klimmer',11,29),('Giro',2022,10026,20393,'Klimmer',8,94),('Giro',2022,10053,20396,'Knecht',2,53),('Giro',2022,10026,20406,'Aanvaller',3,70),('Giro',2022,10026,20411,'Knecht',1,8),('Giro',2022,10027,20415,'Knecht',2,8),('Giro',2022,10027,20420,'Sprinter',9,115),('Giro',2022,10027,20421,'Aanvaller',7,31),('Giro',2022,10032,20422,'Sprinter',4,104),('Giro',2022,10053,20423,'Aanvaller',3,13),('Giro',2022,10032,20430,'Kopman',11,117),('Giro',2022,10048,20433,'Aanvaller',2,9),('Giro',2022,10039,20439,'Knecht',1,11),('Giro',2022,10047,20441,'Kopman',14,93),('Giro',2022,10055,20447,'Aanvaller',1,11),('Giro',2022,10055,20449,'Klimmer',1,0),('Giro',2022,10055,20451,'Knecht',1,16),('Giro',2022,10053,20457,'Knecht',1,5),('Giro',2022,10053,20458,'Klimmer',1,5),('Giro',2022,10056,20460,'Knecht',1,5),('Giro',2022,10043,20469,'Klimmer',2,145),('Giro',2022,10031,20473,'Knecht',2,9),('Giro',2022,10031,20476,'Knecht',1,35),('Giro',2022,10031,20477,'Knecht',2,15),('Giro',2022,10005,20479,'Knecht',1,17),('Giro',2022,10013,20490,'Aanvaller',2,44),('Giro',2022,10027,20499,'Kopman',16,176),('Giro',2022,10059,20501,'Aanvaller',5,31),('Giro',2022,10059,20505,'Aanvaller',2,59),('Giro',2022,10056,20507,'Knecht',1,5),('Giro',2022,10034,20512,'Knecht',2,18),('Giro',2022,10058,20518,'Tijdrijder',1,5),('Giro',2022,10058,20519,'Knecht',1,5),('Giro',2022,10036,20530,'Klimmer',8,65),('Giro',2022,10015,20535,'Klimmer',2,8),('Giro',2022,10052,20536,'Sprinter',1,52),('Giro',2022,10036,20543,'Tijdrijder',3,82),('Giro',2022,10060,20546,'Knecht',1,8),('Giro',2022,10055,20551,'Klimmer',1,5),('Giro',2022,10060,20553,'Tijdrijder',1,90),('Giro',2022,10050,20560,'Knecht',2,38),('Giro',2022,10047,20566,'Sprinter',4,101),('Giro',2022,10039,20568,'Klimmer',2,39),('Giro',2022,10047,20574,'Tijdrijder',2,156),('Giro',2022,10026,20588,'Knecht',1,262),('Giro',2022,10027,20593,'Aanvaller',5,51),('Giro',2022,10027,20595,'Knecht',1,8),('Giro',2022,10055,20600,'Klimmer',1,13),('Giro',2022,10039,20602,'Knecht',1,45),('Giro',2022,10059,20603,'Sprinter',14,112),('Giro',2022,10052,20604,'Aanvaller',12,250),('Giro',2022,10039,20605,'Knecht',1,11),('Giro',2022,10052,20606,'Aanvaller',1,56),('Giro',2022,10052,20608,'Knecht',1,11),('Giro',2022,10052,20609,'Knecht',1,3),('Giro',2022,10052,20611,'Knecht',1,8),('Giro',2022,10052,20616,'Klimmer',2,48),('Giro',2022,10055,20617,'Klimmer',2,40),('Giro',2022,10055,20618,'Knecht',1,17),('Giro',2022,10055,20619,'Knecht',1,5),('Giro',2022,10031,20627,'Knecht',1,88),('Giro',2022,10031,20628,'Knecht',1,3),('Giro',2022,10005,20629,'Knecht',1,20),('Giro',2022,10005,20631,'Knecht',1,17),('Giro',2022,10017,20637,'Klimmer',1,5),('Giro',2022,10032,20640,'Knecht',1,5),('Giro',2022,10059,20647,'Knecht',1,5),('Giro',2022,10056,20648,'Klimmer',2,0),('Giro',2022,10056,20650,'Tijdrijder',1,5),('Giro',2022,10050,20651,'Aanvaller',2,59),('Giro',2022,10050,20652,'Sprinter',2,120),('Giro',2022,10050,20653,'Aanvaller',1,5),('Giro',2022,10050,20657,'Aanvaller',1,5),('Giro',2022,10032,20672,'Knecht',1,5),('Giro',2022,10048,20675,'Knecht',1,8),('Giro',2022,10015,20685,'Knecht',1,45),('Giro',2022,10059,20692,'Knecht',1,116),('Giro',2022,10031,20708,'Knecht',1,8),('Giro',2022,10050,20714,'Knecht',1,12),('Giro',2022,10013,20723,'Knecht',1,5),('Giro',2022,10034,20726,'Knecht',1,71),('Giro',2022,10048,20732,'Sprinter',7,146),('Giro',2022,10048,20733,'Tijdrijder',1,16),('Giro',2022,10036,20735,'Knecht',1,143),('Giro',2022,10036,20736,'Knecht',1,38),('Giro',2022,10047,20748,'Knecht',1,5),('Giro',2022,10026,20752,'Knecht',1,20),('Giro',2022,10026,20753,'Knecht',1,8),('Tour',2019,10000,20000,'Aanvaller',7,89),('Tour',2019,10000,20001,'Aanvaller',6,11),('Tour',2019,10000,20002,'Aanvaller',6,17),('Tour',2019,10000,20003,'Klimmer',5,25),('Tour',2019,10000,20004,'Aanvaller',3,11),('Tour',2019,10000,20005,'Knecht',2,11),('Tour',2019,10000,20006,'Knecht',1,11),('Tour',2019,10002,20028,'Kopman',16,81),('Tour',2019,10002,20029,'Klimmer',9,55),('Tour',2019,10002,20030,'Klimmer',8,26),('Tour',2019,10002,20031,'Tijdrijder',8,15),('Tour',2019,10002,20032,'Aanvaller',6,40),('Tour',2019,10002,20033,'Sprinter',6,20),('Tour',2019,10002,20034,'Aanvaller',5,76),('Tour',2019,10002,20035,'Knecht',2,26),('Tour',2019,10003,20043,'Kopman',17,70),('Tour',2019,10003,20044,'Sprinter',10,154),('Tour',2019,10003,20045,'Tijdrijder',9,22),('Tour',2019,10003,20046,'Klimmer',8,54),('Tour',2019,10003,20047,'Aanvaller',7,34),('Tour',2019,10003,20048,'Aanvaller',5,102),('Tour',2019,10003,20049,'Aanvaller',3,54),('Tour',2019,10003,20050,'Aanvaller',1,63),('Tour',2019,10005,20072,'Sprinter',18,339),('Tour',2019,10005,20073,'Kopman',13,188),('Tour',2019,10005,20074,'Klimmer',7,21),('Tour',2019,10005,20075,'Klimmer',5,37),('Tour',2019,10005,20076,'Knecht',3,64),('Tour',2019,10005,20077,'Aanvaller',3,37),('Tour',2019,10005,20078,'Aanvaller',2,34),('Tour',2019,10005,20079,'Knecht',2,19),('Tour',2019,10008,20108,'Aanvaller',11,163),('Tour',2019,10008,20109,'Aanvaller',4,18),('Tour',2019,10008,20110,'Aanvaller',4,53),('Tour',2019,10008,20111,'Tijdrijder',3,18),('Tour',2019,10008,20112,'Tijdrijder',3,40),('Tour',2019,10008,20113,'Klimmer',3,23),('Tour',2019,10008,20114,'Aanvaller',2,23),('Tour',2019,10008,20115,'Klimmer',2,26),('Tour',2019,10009,20128,'Sprinter',8,25),('Tour',2019,10009,20129,'Klimmer',6,43),('Tour',2019,10009,20130,'Klimmer',3,9),('Tour',2019,10009,20131,'Knecht',2,17),('Tour',2019,10009,20132,'Knecht',2,31),('Tour',2019,10009,20133,'Aanvaller',2,41),('Tour',2019,10009,20134,'Knecht',1,17),('Tour',2019,10009,20135,'Knecht',1,14),('Tour',2019,10010,20141,'Sprinter',17,152),('Tour',2019,10010,20142,'Aanvaller',17,436),('Tour',2019,10010,20143,'Kopman',13,77),('Tour',2019,10010,20144,'Aanvaller',5,41),('Tour',2019,10010,20145,'Knecht',3,92),('Tour',2019,10010,20146,'Knecht',1,82),('Tour',2019,10010,20147,'Aanvaller',1,41),('Tour',2019,10010,20148,'Aanvaller',1,41),('Tour',2019,10011,20161,'Kopman',16,155),('Tour',2019,10011,20162,'Klimmer',9,57),('Tour',2019,10011,20163,'Tijdrijder',6,20),('Tour',2019,10011,20164,'Aanvaller',6,50),('Tour',2019,10011,20165,'Klimmer',3,25),('Tour',2019,10011,20166,'Sprinter',3,73),('Tour',2019,10011,20167,'Aanvaller',2,25),('Tour',2019,10011,20168,'Knecht',1,25),('Tour',2019,10013,20189,'Kopman',16,203),('Tour',2019,10013,20190,'Tijdrijder',5,25),('Tour',2019,10013,20191,'Klimmer',4,52),('Tour',2019,10013,20192,'Aanvaller',3,30),('Tour',2019,10013,20193,'Aanvaller',3,36),('Tour',2019,10013,20194,'Knecht',3,25),('Tour',2019,10013,20195,'Knecht',1,27),('Tour',2019,10013,20196,'Knecht',1,25),('Tour',2019,10015,20220,'Sprinter',16,169),('Tour',2019,10015,20221,'Aanvaller',9,82),('Tour',2019,10015,20222,'Aanvaller',7,112),('Tour',2019,10015,20223,'Aanvaller',7,88),('Tour',2019,10015,20224,'Aanvaller',2,12),('Tour',2019,10015,20225,'Klimmer',2,12),('Tour',2019,10015,20226,'Knecht',1,12),('Tour',2019,10015,20227,'Knecht',1,22),('Tour',2019,10016,20238,'Kopman',17,105),('Tour',2019,10016,20239,'Kopman',15,43),('Tour',2019,10016,20240,'Aanvaller',10,205),('Tour',2019,10016,20241,'Aanvaller',5,60),('Tour',2019,10016,20242,'Knecht',3,18),('Tour',2019,10016,20243,'Tijdrijder',2,18),('Tour',2019,10016,20244,'Knecht',2,18),('Tour',2019,10016,20245,'Knecht',1,18),('Tour',2019,10017,20257,'Aanvaller',16,128),('Tour',2019,10017,20258,'Kopman',16,147),('Tour',2019,10017,20259,'Kopman',15,172),('Tour',2019,10017,20260,'Klimmer',8,53),('Tour',2019,10017,20261,'Knecht',4,26),('Tour',2019,10017,20262,'Tijdrijder',4,41),('Tour',2019,10017,20263,'Klimmer',3,26),('Tour',2019,10017,20264,'Aanvaller',2,30),('Tour',2019,10019,20280,'Sprinter',10,43),('Tour',2019,10019,20281,'Kopman',10,89),('Tour',2019,10019,20282,'Klimmer',2,20),('Tour',2019,10019,20283,'Klimmer',2,5),('Tour',2019,10019,20284,'Sprinter',1,5),('Tour',2019,10019,20285,'Knecht',1,13),('Tour',2019,10019,20286,'Knecht',1,5),('Tour',2019,10019,20287,'Knecht',1,5),('Tour',2019,10020,20288,'Sprinter',8,60),('Tour',2019,10020,20289,'Klimmer',8,27),('Tour',2019,10020,20290,'Sprinter',7,59),('Tour',2019,10020,20291,'Aanvaller',6,18),('Tour',2019,10020,20292,'Aanvaller',3,18),('Tour',2019,10020,20293,'Aanvaller',2,13),('Tour',2019,10020,20294,'Knecht',1,13),('Tour',2019,10020,20295,'Sprinter',1,13),('Tour',2019,10021,20307,'Kopman',19,280),('Tour',2019,10021,20308,'Klimmer',15,360),('Tour',2019,10021,20309,'Aanvaller',12,41),('Tour',2019,10021,20310,'Klimmer',10,73),('Tour',2019,10021,20311,'Tijdrijder',4,41),('Tour',2019,10021,20312,'Tijdrijder',3,41),('Tour',2019,10021,20313,'Aanvaller',2,41),('Tour',2019,10021,20314,'Knecht',2,33),('Tour',2019,10022,20327,'Sprinter',19,154),('Tour',2019,10022,20328,'Kopman',16,234),('Tour',2019,10022,20329,'Klimmer',9,76),('Tour',2019,10022,20330,'Aanvaller',9,140),('Tour',2019,10022,20331,'Klimmer',5,66),('Tour',2019,10022,20332,'Tijdrijder',5,57),('Tour',2019,10022,20333,'Knecht',3,139),('Tour',2019,10022,20334,'Knecht',1,61),('Tour',2019,10023,20345,'Kopman',12,33),('Tour',2019,10023,20346,'Sprinter',3,41),('Tour',2019,10023,20347,'Aanvaller',3,27),('Tour',2019,10023,20348,'Aanvaller',2,51),('Tour',2019,10023,20349,'Tijdrijder',2,27),('Tour',2019,10023,20350,'Aanvaller',2,49),('Tour',2019,10023,20351,'Aanvaller',1,45),('Tour',2019,10023,20352,'Sprinter',1,31),('Tour',2019,10024,20364,'Sprinter',14,165),('Tour',2019,10024,20365,'Tijdrijder',11,24),('Tour',2019,10024,20366,'Aanvaller',4,24),('Tour',2019,10024,20367,'Aanvaller',3,35),('Tour',2019,10024,20368,'Sprinter',3,42),('Tour',2019,10024,20369,'Klimmer',2,63),('Tour',2019,10024,20370,'Sprinter',2,42),('Tour',2019,10024,20371,'Tijdrijder',2,94),('Tour',2019,10025,20383,'Aanvaller',7,7),('Tour',2019,10025,20384,'Aanvaller',6,2),('Tour',2019,10025,20385,'Klimmer',3,7),('Tour',2019,10025,20386,'Klimmer',2,18),('Tour',2019,10025,20387,'Aanvaller',2,7),('Tour',2019,10025,20388,'Sprinter',2,50),('Tour',2019,10025,20389,'Knecht',1,7),('Tour',2019,10025,20390,'Knecht',1,7),('Tour',2019,10026,20391,'Aanvaller',13,68),('Tour',2019,10026,20392,'Kopman',12,102),('Tour',2019,10026,20393,'Aanvaller',8,85),('Tour',2019,10026,20394,'Knecht',3,37),('Tour',2019,10026,20395,'Aanvaller',3,158),('Tour',2019,10026,20396,'Aanvaller',1,50),('Tour',2019,10026,20397,'Knecht',1,22),('Tour',2019,10026,20398,'Knecht',1,18),('Tour',2019,10027,20412,'Kopman',14,28),('Tour',2019,10027,20413,'Sprinter',12,68),('Tour',2019,10027,20414,'Kopman',11,24),('Tour',2019,10027,20415,'Klimmer',6,32),('Tour',2019,10027,20416,'Klimmer',5,18),('Tour',2019,10027,20417,'Sprinter',2,57),('Tour',2019,10027,20418,'Knecht',1,15),('Tour',2019,10027,20419,'Aanvaller',1,19),('Tour',2019,10028,20430,'Klimmer',4,42),('Tour',2019,10028,20431,'Sprinter',3,44),('Tour',2019,10028,20432,'Aanvaller',2,8),('Tour',2019,10028,20433,'Knecht',1,8),('Tour',2019,10028,20434,'Knecht',1,11),('Tour',2019,10028,20435,'Aanvaller',1,5),('Tour',2019,10028,20436,'Knecht',1,5),('Tour',2019,10028,20437,'Aanvaller',1,87),('Tour',2020,10000,20000,'Aanvaller',6,75),('Tour',2020,10000,20001,'Aanvaller',5,8),('Tour',2020,10000,20005,'Knecht',1,14),('Tour',2020,10000,20006,'Knecht',4,86),('Tour',2020,10000,20012,'Knecht',2,58),('Tour',2020,10000,20013,'Klimmer',11,11),('Tour',2020,10000,20016,'Sprinter',3,78),('Tour',2020,10030,20029,'Klimmer',9,50),('Tour',2020,10002,20030,'Aanvaller',8,11),('Tour',2020,10002,20031,'Tijdrijder',6,8),('Tour',2020,10002,20032,'Aanvaller',6,8),('Tour',2020,10002,20034,'Aanvaller',7,69),('Tour',2020,10002,20035,'Knecht',1,66),('Tour',2020,10002,20036,'Kopman',18,186),('Tour',2020,10002,20037,'Klimmer',9,7),('Tour',2020,10017,20038,'Knecht',1,15),('Tour',2020,10008,20041,'Klimmer',2,9),('Tour',2020,10030,20044,'Sprinter',11,36),('Tour',2020,10030,20046,'Klimmer',7,114),('Tour',2020,10030,20047,'Aanvaller',8,8),('Tour',2020,10037,20051,'Klimmer',9,0),('Tour',2020,10005,20072,'Sprinter',20,192),('Tour',2020,10005,20073,'Kopman',15,16),('Tour',2020,10005,20074,'Klimmer',12,90),('Tour',2020,10005,20076,'Knecht',5,0),('Tour',2020,10005,20077,'Aanvaller',1,8),('Tour',2020,10005,20078,'Aanvaller',1,0),('Tour',2020,10027,20081,'Kopman',10,0),('Tour',2020,10010,20088,'Sprinter',18,276),('Tour',2020,10005,20090,'Klimmer',4,5),('Tour',2020,10008,20108,'Aanvaller',12,91),('Tour',2020,10008,20109,'Aanvaller',3,10),('Tour',2020,10008,20113,'Klimmer',3,63),('Tour',2020,10008,20115,'Klimmer',1,8),('Tour',2020,10008,20125,'Knecht',1,13),('Tour',2020,10032,20128,'Sprinter',7,37),('Tour',2020,10032,20129,'Klimmer',6,61),('Tour',2020,10032,20130,'Klimmer',2,30),('Tour',2020,10032,20132,'Knecht',1,5),('Tour',2020,10032,20135,'Knecht',1,0),('Tour',2020,10032,20141,'Sprinter',18,69),('Tour',2020,10010,20142,'Aanvaller',20,171),('Tour',2020,10017,20143,'Klimmer',11,157),('Tour',2020,10010,20145,'Knecht',4,5),('Tour',2020,10010,20147,'Aanvaller',2,14),('Tour',2020,10010,20148,'Knecht',2,15),('Tour',2020,10010,20149,'Tijdrijder',12,5),('Tour',2020,10015,20156,'Aanvaller',10,0),('Tour',2020,10010,20158,'Aanvaller',3,0),('Tour',2020,10010,20159,'Tijdrijder',2,33),('Tour',2020,10010,20160,'Knecht',1,5),('Tour',2020,10033,20161,'Kopman',14,126),('Tour',2020,10033,20163,'Tijdrijder',6,11),('Tour',2020,10033,20164,'Aanvaller',5,43),('Tour',2020,10033,20170,'Klimmer',8,33),('Tour',2020,10033,20176,'Klimmer',10,66),('Tour',2020,10033,20177,'Klimmer',9,48),('Tour',2020,10029,20185,'Knecht',1,10),('Tour',2020,10013,20189,'Kopman',18,41),('Tour',2020,10013,20190,'Tijdrijder',4,6),('Tour',2020,10013,20191,'Klimmer',6,0),('Tour',2020,10013,20192,'Aanvaller',5,5),('Tour',2020,10013,20193,'Aanvaller',4,61),('Tour',2020,10013,20195,'Knecht',2,0),('Tour',2020,10013,20196,'Knecht',1,8),('Tour',2020,10013,20203,'Aanvaller',3,48),('Tour',2020,10035,20213,'Aanvaller',1,8),('Tour',2020,10035,20219,'Knecht',1,5),('Tour',2020,10015,20220,'Sprinter',19,122),('Tour',2020,10015,20221,'Aanvaller',7,8),('Tour',2020,10024,20222,'Aanvaller',8,37),('Tour',2020,10033,20224,'Aanvaller',2,11),('Tour',2020,10015,20226,'Knecht',1,5),('Tour',2020,10015,20227,'Knecht',2,5),('Tour',2020,10016,20239,'Kopman',14,222),('Tour',2020,10008,20240,'Sprinter',12,92),('Tour',2020,10016,20241,'Aanvaller',4,13),('Tour',2020,10016,20244,'Knecht',1,11),('Tour',2020,10016,20246,'Klimmer',9,48),('Tour',2020,10016,20247,'Klimmer',7,6),('Tour',2020,10016,20248,'Aanvaller',2,28),('Tour',2020,10016,20251,'Sprinter',5,136),('Tour',2020,10016,20254,'Knecht',2,3),('Tour',2020,10017,20257,'Aanvaller',16,95),('Tour',2020,10019,20258,'Kopman',16,78),('Tour',2020,10030,20259,'Kopman',15,187),('Tour',2020,10017,20260,'Klimmer',6,62),('Tour',2020,10034,20261,'Knecht',1,15),('Tour',2020,10017,20262,'Tijdrijder',3,15),('Tour',2020,10017,20263,'Klimmer',2,68),('Tour',2020,10017,20264,'Aanvaller',2,23),('Tour',2020,10034,20265,'Kopman',16,142),('Tour',2020,10017,20266,'Knecht',2,23),('Tour',2020,10035,20280,'Sprinter',4,17),('Tour',2020,10019,20281,'Klimmer',9,65),('Tour',2020,10019,20284,'Aanvaller',2,0),('Tour',2020,10019,20287,'Knecht',1,6),('Tour',2020,10037,20288,'Aanvaller',8,54),('Tour',2020,10037,20289,'Klimmer',7,5),('Tour',2020,10037,20290,'Sprinter',11,51),('Tour',2020,10037,20291,'Aanvaller',6,14),('Tour',2020,10037,20297,'Sprinter',2,17),('Tour',2020,10034,20308,'Kopman',20,129),('Tour',2020,10034,20309,'Aanvaller',9,68),('Tour',2020,10030,20310,'Klimmer',9,11),('Tour',2020,10034,20311,'Tijdrijder',2,3),('Tour',2020,10034,20312,'Tijdrijder',2,8),('Tour',2020,10034,20314,'Knecht',1,23),('Tour',2020,10034,20321,'Tijdrijder',8,37),('Tour',2020,10027,20323,'Klimmer',4,48),('Tour',2020,10036,20329,'Klimmer',8,23),('Tour',2020,10036,20330,'Aanvaller',7,192),('Tour',2020,10036,20332,'Tijdrijder',4,23),('Tour',2020,10036,20334,'Knecht',2,23),('Tour',2020,10036,20335,'Kopman',20,414),('Tour',2020,10036,20338,'Knecht',4,102),('Tour',2020,10036,20342,'Klimmer',5,28),('Tour',2020,10033,20343,'Klimmer',2,68),('Tour',2020,10008,20345,'Klimmer',9,29),('Tour',2020,10030,20346,'Sprinter',3,9),('Tour',2020,10029,20348,'Aanvaller',3,0),('Tour',2020,10035,20350,'Aanvaller',3,9),('Tour',2020,10015,20363,'Knecht',1,0),('Tour',2020,10024,20366,'Aanvaller',4,134),('Tour',2020,10024,20368,'Knecht',2,31),('Tour',2020,10024,20369,'Klimmer',6,53),('Tour',2020,10024,20370,'Sprinter',4,101),('Tour',2020,10005,20371,'Tijdrijder',3,80),('Tour',2020,10036,20372,'Kopman',16,159),('Tour',2020,10037,20379,'Sprinter',3,19),('Tour',2020,10024,20380,'Knecht',1,48),('Tour',2020,10025,20383,'Aanvaller',5,0),('Tour',2020,10025,20386,'Klimmer',2,11),('Tour',2020,10025,20387,'Aanvaller',2,42),('Tour',2020,10025,20388,'Sprinter',2,30),('Tour',2020,10025,20389,'Knecht',1,10),('Tour',2020,10026,20391,'Aanvaller',11,95),('Tour',2020,10026,20392,'Tijdrijder',9,224),('Tour',2020,10026,20394,'Aanvaller',2,52),('Tour',2020,10026,20395,'Aanvaller',6,137),('Tour',2020,10037,20401,'Knecht',1,6),('Tour',2020,10015,20405,'Sprinter',11,0),('Tour',2020,10026,20406,'Aanvaller',5,37),('Tour',2020,10026,20408,'Knecht',1,17),('Tour',2020,10035,20412,'Kopman',11,20),('Tour',2020,10027,20413,'Sprinter',12,109),('Tour',2020,10027,20414,'Klimmer',8,0),('Tour',2020,10027,20419,'Aanvaller',1,5),('Tour',2020,10032,20422,'Sprinter',1,33),('Tour',2020,10027,20425,'Aanvaller',1,5),('Tour',2020,10027,20426,'Knecht',2,5),('Tour',2020,10027,20428,'Kopman',18,495),('Tour',2020,10032,20430,'Klimmer',5,117),('Tour',2020,10000,20441,'Kopman',15,57),('Tour',2020,10002,20458,'Klimmer',1,16),('Tour',2020,10029,20462,'Sprinter',5,128),('Tour',2020,10029,20463,'Klimmer',4,79),('Tour',2020,10029,20464,'Aanvaller',2,5),('Tour',2020,10029,20465,'Knecht',2,5),('Tour',2020,10029,20466,'Knecht',1,5),('Tour',2020,10029,20467,'Knecht',1,76),('Tour',2020,10030,20468,'Knecht',1,0),('Tour',2020,10035,20521,'Aanvaller',4,30),('Tour',2020,10035,20522,'Knecht',2,15),('Tour',2020,10035,20523,'Knecht',1,96),('Tour',2020,10015,20537,'Knecht',1,5),('Tour',2020,10019,20559,'Klimmer',2,10),('Tour',2020,10019,20560,'Klimmer',2,0),('Tour',2020,10019,20561,'Aanvaller',2,9),('Tour',2020,10019,20562,'Knecht',1,5),('Tour',2020,10019,20563,'Knecht',1,16),('Tour',2020,10024,20564,'Klimmer',2,172),('Tour',2020,10024,20565,'Knecht',1,14),('Tour',2020,10025,20575,'Knecht',1,5),('Tour',2020,10025,20576,'Knecht',1,3),('Tour',2020,10025,20577,'Knecht',1,5),('Tour',2020,10026,20583,'Klimmer',3,46),('Tour',2020,10026,20585,'Aanvaller',7,111),('Tour',2021,10039,20000,'Aanvaller',5,8),('Tour',2021,10039,20002,'Aanvaller',4,0),('Tour',2021,10039,20006,'Knecht',8,11),('Tour',2021,10039,20012,'Aanvaller',2,0),('Tour',2021,10049,20013,'Klimmer',3,29),('Tour',2021,10040,20014,'Aanvaller',2,28),('Tour',2021,10039,20015,'Knecht',1,23),('Tour',2021,10010,20024,'Klimmer',4,162),('Tour',2021,10041,20028,'Aanvaller',11,0),('Tour',2021,10043,20029,'Klimmer',7,117),('Tour',2021,10041,20030,'Aanvaller',7,34),('Tour',2021,10044,20033,'Aanvaller',4,89),('Tour',2021,10041,20034,'Aanvaller',8,151),('Tour',2021,10041,20035,'Knecht',2,19),('Tour',2021,10017,20036,'Kopman',17,0),('Tour',2021,10041,20037,'Klimmer',11,72),('Tour',2021,10026,20043,'Kopman',14,34),('Tour',2021,10043,20044,'Sprinter',9,131),('Tour',2021,10043,20047,'Aanvaller',6,104),('Tour',2021,10043,20048,'Aanvaller',9,89),('Tour',2021,10017,20049,'Aanvaller',5,46),('Tour',2021,10048,20065,'Knecht',1,23),('Tour',2021,10005,20072,'Sprinter',18,52),('Tour',2021,10005,20073,'Kopman',14,14),('Tour',2021,10005,20075,'Klimmer',7,98),('Tour',2021,10005,20077,'Knecht',1,15),('Tour',2021,10005,20078,'Aanvaller',2,10),('Tour',2021,10027,20081,'Klimmer',10,11),('Tour',2021,10027,20082,'Klimmer',11,25),('Tour',2021,10041,20100,'Klimmer',7,56),('Tour',2021,10049,20103,'Klimmer',2,5),('Tour',2021,10039,20108,'Aanvaller',9,11),('Tour',2021,10032,20113,'Klimmer',1,5),('Tour',2021,10039,20115,'Klimmer',3,11),('Tour',2021,10049,20117,'Klimmer',2,5),('Tour',2021,10048,20125,'Sprinter',1,0),('Tour',2021,10032,20128,'Sprinter',5,67),('Tour',2021,10032,20129,'Klimmer',6,5),('Tour',2021,10032,20132,'Aanvaller',1,29),('Tour',2021,10049,20133,'Knecht',2,5),('Tour',2021,10032,20135,'Knecht',1,15),('Tour',2021,10010,20142,'Aanvaller',19,155),('Tour',2021,10017,20143,'Kopman',14,151),('Tour',2021,10010,20145,'Aanvaller',7,99),('Tour',2021,10010,20147,'Aanvaller',1,14),('Tour',2021,10010,20148,'Knecht',2,56),('Tour',2021,10015,20156,'Aanvaller',8,18),('Tour',2021,10010,20160,'Knecht',1,14),('Tour',2021,10044,20161,'Kopman',14,119),('Tour',2021,10035,20162,'Kopman',14,78),('Tour',2021,10046,20166,'Sprinter',3,6),('Tour',2021,10046,20173,'Knecht',1,5),('Tour',2021,10044,20177,'Klimmer',10,116),('Tour',2021,10045,20185,'Knecht',1,36),('Tour',2021,10013,20190,'Tijdrijder',6,90),('Tour',2021,10013,20191,'Klimmer',9,133),('Tour',2021,10013,20197,'Sprinter',18,21),('Tour',2021,10013,20199,'Sprinter',2,0),('Tour',2021,10013,20200,'Tijdrijder',2,9),('Tour',2021,10013,20202,'Knecht',1,0),('Tour',2021,10013,20203,'Aanvaller',3,16),('Tour',2021,10013,20208,'Knecht',1,18),('Tour',2021,10040,20212,'Sprinter',1,14),('Tour',2021,10035,20216,'Knecht',1,8),('Tour',2021,10015,20220,'Sprinter',18,0),('Tour',2021,10015,20221,'Aanvaller',7,8),('Tour',2021,10047,20222,'Aanvaller',6,0),('Tour',2021,10015,20226,'Knecht',1,3),('Tour',2021,10015,20227,'Sprinter',2,9),('Tour',2021,10046,20228,'Aanvaller',4,0),('Tour',2021,10015,20230,'Aanvaller',2,4),('Tour',2021,10032,20234,'Knecht',2,5),('Tour',2021,10042,20238,'Kopman',16,33),('Tour',2021,10043,20242,'Klimmer',6,39),('Tour',2021,10042,20243,'Tijdrijder',3,8),('Tour',2021,10042,20244,'Knecht',1,5),('Tour',2021,10042,20246,'Klimmer',10,57),('Tour',2021,10042,20249,'Tijdrijder',8,0),('Tour',2021,10042,20251,'Sprinter',4,45),('Tour',2021,10017,20257,'Aanvaller',14,73),('Tour',2021,10019,20258,'Kopman',12,82),('Tour',2021,10017,20260,'Klimmer',9,0),('Tour',2021,10017,20263,'Klimmer',2,5),('Tour',2021,10017,20264,'Aanvaller',2,30),('Tour',2021,10034,20265,'Kopman',18,208),('Tour',2021,10047,20267,'Tijdrijder',2,0),('Tour',2021,10017,20271,'Aanvaller',1,6),('Tour',2021,10035,20280,'Sprinter',4,85),('Tour',2021,10019,20281,'Klimmer',8,0),('Tour',2021,10019,20282,'Knecht',1,0),('Tour',2021,10049,20288,'Aanvaller',3,9),('Tour',2021,10044,20291,'Aanvaller',4,26),('Tour',2021,10039,20296,'Klimmer',5,155),('Tour',2021,10048,20303,'Klimmer',3,52),('Tour',2021,10046,20304,'Klimmer',1,0),('Tour',2021,10034,20307,'Kopman',19,31),('Tour',2021,10034,20309,'Aanvaller',5,5),('Tour',2021,10043,20310,'Klimmer',7,127),('Tour',2021,10034,20311,'Tijdrijder',1,26),('Tour',2021,10034,20312,'Tijdrijder',1,25),('Tour',2021,10034,20314,'Knecht',1,0),('Tour',2021,10034,20318,'Kopman',12,5),('Tour',2021,10036,20328,'Klimmer',9,15),('Tour',2021,10036,20330,'Aanvaller',12,233),('Tour',2021,10036,20332,'Tijdrijder',2,9),('Tour',2021,10036,20333,'Sprinter',5,44),('Tour',2021,10042,20334,'Knecht',2,0),('Tour',2021,10036,20335,'Kopman',20,86),('Tour',2021,10036,20338,'Klimmer',7,82),('Tour',2021,10036,20342,'Knecht',2,6),('Tour',2021,10044,20343,'Klimmer',4,26),('Tour',2021,10043,20346,'Sprinter',2,18),('Tour',2021,10005,20350,'Aanvaller',3,57),('Tour',2021,10035,20352,'Sprinter',1,21),('Tour',2021,10035,20357,'Knecht',1,8),('Tour',2021,10044,20359,'Klimmer',1,62),('Tour',2021,10042,20364,'Sprinter',12,148),('Tour',2021,10005,20365,'Kopman',14,171),('Tour',2021,10047,20366,'Aanvaller',5,17),('Tour',2021,10047,20370,'Sprinter',9,67),('Tour',2021,10048,20375,'Knecht',1,30),('Tour',2021,10046,20379,'Sprinter',3,67),('Tour',2021,10047,20380,'Knecht',2,28),('Tour',2021,10049,20387,'Aanvaller',1,47),('Tour',2021,10026,20391,'Aanvaller',8,124),('Tour',2021,10034,20392,'Kopman',13,24),('Tour',2021,10026,20394,'Aanvaller',1,45),('Tour',2021,10026,20395,'Aanvaller',6,68),('Tour',2021,10026,20397,'Knecht',1,30),('Tour',2021,10046,20401,'Aanvaller',3,0),('Tour',2021,10026,20406,'Aanvaller',4,57),('Tour',2021,10035,20412,'Klimmer',12,56),('Tour',2021,10027,20415,'Aanvaller',3,14),('Tour',2021,10046,20416,'Klimmer',3,26),('Tour',2021,10040,20417,'Sprinter',11,163),('Tour',2021,10027,20419,'Aanvaller',1,8),('Tour',2021,10027,20428,'Kopman',20,642),('Tour',2021,10032,20430,'Kopman',11,127),('Tour',2021,10040,20437,'Aanvaller',2,35),('Tour',2021,10039,20440,'Aanvaller',2,54),('Tour',2021,10041,20459,'Knecht',1,5),('Tour',2021,10045,20462,'Sprinter',6,9),('Tour',2021,10045,20463,'Klimmer',4,13),('Tour',2021,10045,20464,'Knecht',1,5),('Tour',2021,10045,20466,'Knecht',1,5),('Tour',2021,10045,20467,'Aanvaller',3,25),('Tour',2021,10043,20472,'Knecht',1,37),('Tour',2021,10005,20481,'Aanvaller',3,33),('Tour',2021,10048,20492,'Knecht',1,22),('Tour',2021,10010,20501,'Sprinter',5,47),('Tour',2021,10035,20513,'Klimmer',4,8),('Tour',2021,10036,20533,'Aanvaller',3,305),('Tour',2021,10015,20542,'Aanvaller',1,45),('Tour',2021,10046,20556,'Knecht',1,11),('Tour',2021,10041,20557,'Knecht',1,0),('Tour',2021,10019,20561,'Sprinter',2,17),('Tour',2021,10019,20563,'Knecht',1,0),('Tour',2021,10027,20564,'Klimmer',9,8),('Tour',2021,10047,20565,'Knecht',1,5),('Tour',2021,10047,20567,'Knecht',1,14),('Tour',2021,10026,20583,'Klimmer',3,59),('Tour',2021,10026,20585,'Aanvaller',8,43),('Tour',2021,10027,20590,'Tijdrijder',3,46),('Tour',2021,10027,20591,'Klimmer',7,30),('Tour',2021,10010,20603,'Sprinter',8,284),('Tour',2021,10040,20604,'Aanvaller',12,183),('Tour',2021,10045,20623,'Knecht',1,115),('Tour',2021,10019,20624,'Sprinter',7,102),('Tour',2021,10045,20625,'Aanvaller',1,0),('Tour',2021,10044,20644,'Tijdrijder',2,51),('Tour',2021,10040,20645,'Sprinter',16,51),('Tour',2021,10048,20646,'Sprinter',4,47),('Tour',2021,10015,20649,'Knecht',1,36),('Tour',2021,10048,20665,'Knecht',1,32),('Tour',2021,10019,20673,'Aanvaller',3,28),('Tour',2021,10040,20674,'Knecht',2,27),('Tour',2021,10048,20675,'Knecht',1,0),('Tour',2021,10049,20680,'Knecht',1,18),('Tour',2021,10044,20681,'Knecht',1,17),('Tour',2021,10047,20682,'Aanvaller',1,17),('Tour',2021,10040,20688,'Knecht',1,14),('Tour',2021,10019,20690,'Sprinter',2,0),('Tour',2021,10035,20691,'Tijdrijder',1,8),('Tour',2021,10032,20696,'Knecht',1,5),('Tour',2021,10049,20698,'Knecht',1,5),('Tour',2022,10039,20000,'Aanvaller',2,6),('Tour',2022,10049,20001,'Klimmer',3,0),('Tour',2022,10026,20002,'Aanvaller',3,5),('Tour',2022,10054,20004,'Aanvaller',2,8),('Tour',2022,10039,20005,'Knecht',2,0),('Tour',2022,10039,20006,'Aanvaller',4,5),('Tour',2022,10049,20013,'Aanvaller',3,29),('Tour',2022,10052,20014,'Knecht',2,8),('Tour',2022,10039,20018,'Klimmer',6,0),('Tour',2022,10059,20024,'Aanvaller',1,34),('Tour',2022,10058,20028,'Kopman',7,23),('Tour',2022,10043,20031,'Knecht',3,63),('Tour',2022,10017,20032,'Aanvaller',2,0),('Tour',2022,10056,20033,'Aanvaller',4,116),('Tour',2022,10053,20034,'Aanvaller',8,119),('Tour',2022,10058,20035,'Sprinter',1,80),('Tour',2022,10032,20037,'Kopman',7,12),('Tour',2022,10053,20042,'Tijdrijder',1,8),('Tour',2022,10043,20046,'Klimmer',10,45),('Tour',2022,10043,20047,'Aanvaller',9,11),('Tour',2022,10043,20048,'Aanvaller',7,84),('Tour',2022,10043,20050,'Tijdrijder',3,35),('Tour',2022,10049,20072,'Sprinter',7,105),('Tour',2022,10005,20074,'Aanvaller',4,36),('Tour',2022,10005,20075,'Klimmer',6,51),('Tour',2022,10017,20076,'Klimmer',3,18),('Tour',2022,10049,20077,'Knecht',1,0),('Tour',2022,10027,20082,'Klimmer',4,20),('Tour',2022,10005,20090,'Klimmer',5,26),('Tour',2022,10032,20113,'Klimmer',3,93),('Tour',2022,10043,20121,'Knecht',1,11),('Tour',2022,10019,20123,'Knecht',1,8),('Tour',2022,10036,20126,'Knecht',1,18),('Tour',2022,10036,20128,'Aanvaller',3,102),('Tour',2022,10032,20132,'Knecht',1,5),('Tour',2022,10032,20135,'Knecht',1,8),('Tour',2022,10017,20143,'Kopman',14,107),('Tour',2022,10059,20144,'Knecht',2,70),('Tour',2022,10059,20145,'Tijdrijder',7,0),('Tour',2022,10059,20148,'Knecht',2,5),('Tour',2022,10059,20152,'Knecht',1,58),('Tour',2022,10059,20155,'Knecht',2,18),('Tour',2022,10015,20156,'Aanvaller',2,6),('Tour',2022,10059,20157,'Sprinter',16,87),('Tour',2022,10056,20161,'Kopman',11,38),('Tour',2022,10058,20162,'Klimmer',8,38),('Tour',2022,10056,20164,'Aanvaller',4,86),('Tour',2022,10058,20166,'Aanvaller',1,40),('Tour',2022,10053,20172,'Klimmer',2,5),('Tour',2022,10034,20176,'Klimmer',14,98),('Tour',2022,10054,20185,'Knecht',1,8),('Tour',2022,10013,20189,'Klimmer',6,93),('Tour',2022,10013,20190,'Tijdrijder',6,61),('Tour',2022,10013,20191,'Klimmer',11,219),('Tour',2022,10013,20203,'Aanvaller',3,80),('Tour',2022,10013,20204,'Knecht',1,8),('Tour',2022,10032,20210,'Aanvaller',2,56),('Tour',2022,10052,20212,'Sprinter',1,14),('Tour',2022,10058,20213,'Aanvaller',1,10),('Tour',2022,10058,20216,'Knecht',1,5),('Tour',2022,10058,20219,'Knecht',1,5),('Tour',2022,10015,20220,'Sprinter',14,52),('Tour',2022,10036,20222,'Knecht',5,32),('Tour',2022,10015,20223,'Aanvaller',5,0),('Tour',2022,10034,20239,'Kopman',14,161),('Tour',2022,10043,20242,'Kopman',14,0),('Tour',2022,10060,20243,'Tijdrijder',2,0),('Tour',2022,10060,20244,'Knecht',1,5),('Tour',2022,10060,20248,'Knecht',1,5),('Tour',2022,10060,20251,'Sprinter',2,18),('Tour',2022,10060,20256,'Knecht',2,57),('Tour',2022,10019,20258,'Kopman',13,181),('Tour',2022,10027,20260,'Klimmer',5,24),('Tour',2022,10017,20262,'Tijdrijder',1,5),('Tour',2022,10017,20263,'Knecht',2,50),('Tour',2022,10017,20264,'Knecht',1,0),('Tour',2022,10019,20281,'Klimmer',6,20),('Tour',2022,10019,20284,'Knecht',1,8),('Tour',2022,10049,20288,'Aanvaller',2,45),('Tour',2022,10039,20296,'Kopman',15,0),('Tour',2022,10048,20303,'Klimmer',6,121),('Tour',2022,10034,20307,'Kopman',15,309),('Tour',2022,10034,20311,'Knecht',1,72),('Tour',2022,10034,20312,'Tijdrijder',2,69),('Tour',2022,10053,20313,'Aanvaller',3,0),('Tour',2022,10034,20314,'Knecht',1,33),('Tour',2022,10056,20324,'Aanvaller',1,8),('Tour',2022,10060,20327,'Sprinter',14,106),('Tour',2022,10036,20328,'Klimmer',4,42),('Tour',2022,10027,20329,'Klimmer',2,0),('Tour',2022,10036,20330,'Sprinter',14,499),('Tour',2022,10060,20334,'Knecht',1,5),('Tour',2022,10036,20335,'Kopman',19,104),('Tour',2022,10036,20338,'Klimmer',5,91),('Tour',2022,10056,20343,'Klimmer',3,113),('Tour',2022,10005,20346,'Knecht',1,17),('Tour',2022,10005,20350,'Aanvaller',2,24),('Tour',2022,10056,20359,'Klimmer',4,3),('Tour',2022,10060,20364,'Sprinter',9,125),('Tour',2022,10005,20371,'Aanvaller',6,68),('Tour',2022,10047,20374,'Knecht',1,5),('Tour',2022,10032,20379,'Sprinter',2,20),('Tour',2022,10013,20381,'Klimmer',5,30),('Tour',2022,10047,20382,'Aanvaller',2,5),('Tour',2022,10049,20387,'Aanvaller',3,5),('Tour',2022,10026,20391,'Aanvaller',8,52),('Tour',2022,10026,20393,'Klimmer',7,31),('Tour',2022,10026,20394,'Knecht',1,5),('Tour',2022,10026,20395,'Aanvaller',4,63),('Tour',2022,10053,20396,'Aanvaller',2,0),('Tour',2022,10052,20401,'Klimmer',1,3),('Tour',2022,10047,20405,'Sprinter',4,5),('Tour',2022,10026,20407,'Knecht',1,0),('Tour',2022,10048,20413,'Sprinter',10,97),('Tour',2022,10052,20417,'Sprinter',15,182),('Tour',2022,10048,20418,'Knecht',1,11),('Tour',2022,10027,20419,'Knecht',1,0),('Tour',2022,10027,20428,'Kopman',20,582),('Tour',2022,10032,20430,'Klimmer',11,23),('Tour',2022,10048,20431,'Sprinter',3,57),('Tour',2022,10039,20440,'Klimmer',2,5),('Tour',2022,10047,20441,'Kopman',12,160),('Tour',2022,10053,20459,'Knecht',1,5),('Tour',2022,10054,20463,'Klimmer',2,11),('Tour',2022,10043,20472,'Knecht',1,112),('Tour',2022,10049,20478,'Knecht',1,5),('Tour',2022,10048,20492,'Aanvaller',1,28),('Tour',2022,10032,20497,'Knecht',2,0),('Tour',2022,10059,20503,'Klimmer',2,5),('Tour',2022,10034,20511,'Tijdrijder',7,109),('Tour',2022,10058,20513,'Tijdrijder',3,32),('Tour',2022,10019,20523,'Sprinter',4,86),('Tour',2022,10036,20533,'Klimmer',14,574),('Tour',2022,10015,20537,'Knecht',1,5),('Tour',2022,10039,20539,'Knecht',1,9),('Tour',2022,10048,20540,'Sprinter',1,8),('Tour',2022,10015,20542,'Knecht',1,5),('Tour',2022,10017,20552,'Knecht',1,5),('Tour',2022,10019,20561,'Aanvaller',1,16),('Tour',2022,10027,20564,'Aanvaller',3,5),('Tour',2022,10047,20566,'Sprinter',5,91),('Tour',2022,10049,20575,'Knecht',1,21),('Tour',2022,10026,20585,'Sprinter',11,134),('Tour',2022,10027,20590,'Tijdrijder',4,16),('Tour',2022,10027,20591,'Klimmer',7,50),('Tour',2022,10053,20592,'Knecht',1,5),('Tour',2022,10052,20604,'Aanvaller',14,32),('Tour',2022,10052,20609,'Knecht',1,18),('Tour',2022,10052,20614,'Knecht',1,8),('Tour',2022,10005,20621,'Kopman',16,175),('Tour',2022,10054,20623,'Aanvaller',3,15),('Tour',2022,10054,20625,'Knecht',1,8),('Tour',2022,10056,20644,'Tijdrijder',2,11),('Tour',2022,10005,20646,'Sprinter',3,93),('Tour',2022,10013,20664,'Knecht',1,8),('Tour',2022,10013,20666,'Knecht',2,8),('Tour',2022,10034,20667,'Aanvaller',8,149),('Tour',2022,10048,20668,'Aanvaller',2,38),('Tour',2022,10056,20681,'Knecht',1,8),('Tour',2022,10047,20682,'Aanvaller',2,5),('Tour',2022,10015,20683,'Aanvaller',3,38),('Tour',2022,10015,20684,'Aanvaller',2,15),('Tour',2022,10017,20687,'Klimmer',2,75),('Tour',2022,10026,20699,'Aanvaller',2,23),('Tour',2022,10052,20700,'Knecht',1,8),('Tour',2022,10053,20702,'Knecht',1,20),('Tour',2022,10054,20704,'Sprinter',1,96),('Tour',2022,10054,20705,'Knecht',1,48),('Tour',2022,10054,20706,'Knecht',1,8),('Tour',2022,10048,20731,'Aanvaller',1,8),('Tour',2022,10019,20741,'Aanvaller',2,34),('Tour',2022,10019,20742,'Knecht',1,8),('Tour',2022,10047,20746,'Klimmer',4,26),('Tour',2022,10047,20747,'Knecht',1,0),('Vuelta',2019,10000,20009,'Knecht',1,37),('Vuelta',2019,10000,20013,'Klimmer',11,112),('Vuelta',2019,10000,20014,'Aanvaller',5,23),('Vuelta',2019,10000,20015,'Knecht',2,46),('Vuelta',2019,10000,20016,'Sprinter',2,72),('Vuelta',2019,10000,20017,'Knecht',1,10),('Vuelta',2019,10000,20018,'Knecht',1,102),('Vuelta',2019,10000,20019,'Knecht',1,10),('Vuelta',2019,10002,20028,'Kopman',15,110),('Vuelta',2019,10002,20030,'Klimmer',8,55),('Vuelta',2019,10002,20031,'Tijdrijder',8,83),('Vuelta',2019,10002,20032,'Aanvaller',6,65),('Vuelta',2019,10002,20036,'Kopman',18,374),('Vuelta',2019,10002,20037,'Klimmer',10,102),('Vuelta',2019,10002,20038,'Knecht',4,46),('Vuelta',2019,10002,20040,'Tijdrijder',1,63),('Vuelta',2019,10003,20048,'Aanvaller',5,163),('Vuelta',2019,10003,20057,'Sprinter',3,39),('Vuelta',2019,10003,20058,'Tijdrijder',2,43),('Vuelta',2019,10003,20059,'Knecht',2,16),('Vuelta',2019,10003,20060,'Knecht',1,16),('Vuelta',2019,10003,20061,'Knecht',1,22),('Vuelta',2019,10003,20062,'Aanvaller',1,16),('Vuelta',2019,10003,20063,'Knecht',1,130),('Vuelta',2019,10005,20076,'Knecht',3,22),('Vuelta',2019,10005,20081,'Kopman',10,32),('Vuelta',2019,10005,20082,'Klimmer',14,220),('Vuelta',2019,10005,20084,'Aanvaller',2,47),('Vuelta',2019,10005,20088,'Sprinter',14,202),('Vuelta',2019,10005,20089,'Sprinter',3,22),('Vuelta',2019,10005,20090,'Klimmer',1,46),('Vuelta',2019,10005,20091,'Knecht',1,27),('Vuelta',2019,10006,20092,'Aanvaller',2,8),('Vuelta',2019,10006,20093,'Knecht',2,8),('Vuelta',2019,10006,20094,'Aanvaller',2,43),('Vuelta',2019,10006,20095,'Knecht',1,131),('Vuelta',2019,10006,20096,'Knecht',1,11),('Vuelta',2019,10006,20097,'Knecht',1,8),('Vuelta',2019,10006,20098,'Knecht',1,8),('Vuelta',2019,10006,20099,'Knecht',1,11),('Vuelta',2019,10007,20100,'Klimmer',4,117),('Vuelta',2019,10007,20101,'Knecht',2,17),('Vuelta',2019,10007,20102,'Aanvaller',2,81),('Vuelta',2019,10007,20103,'Knecht',2,17),('Vuelta',2019,10007,20104,'Sprinter',2,73),('Vuelta',2019,10007,20105,'Knecht',1,12),('Vuelta',2019,10007,20106,'Klimmer',1,17),('Vuelta',2019,10007,20107,'Knecht',1,17),('Vuelta',2019,10008,20111,'Tijdrijder',3,55),('Vuelta',2019,10008,20117,'Knecht',3,28),('Vuelta',2019,10008,20119,'Knecht',2,25),('Vuelta',2019,10008,20121,'Knecht',1,20),('Vuelta',2019,10008,20124,'Knecht',1,31),('Vuelta',2019,10008,20125,'Knecht',1,92),('Vuelta',2019,10008,20126,'Knecht',1,25),('Vuelta',2019,10008,20127,'Knecht',1,90),('Vuelta',2019,10009,20129,'Klimmer',6,48),('Vuelta',2019,10009,20130,'Klimmer',3,55),('Vuelta',2019,10009,20134,'Knecht',2,8),('Vuelta',2019,10009,20136,'Klimmer',4,8),('Vuelta',2019,10009,20137,'Aanvaller',3,38),('Vuelta',2019,10009,20138,'Knecht',2,3),('Vuelta',2019,10009,20139,'Knecht',2,8),('Vuelta',2019,10009,20140,'Knecht',1,27),('Vuelta',2019,10010,20146,'Knecht',1,107),('Vuelta',2019,10010,20150,'Tijdrijder',2,134),('Vuelta',2019,10010,20153,'Knecht',1,53),('Vuelta',2019,10010,20156,'Aanvaller',9,161),('Vuelta',2019,10010,20157,'Sprinter',6,128),('Vuelta',2019,10010,20158,'Aanvaller',4,101),('Vuelta',2019,10010,20159,'Tijdrijder',2,169),('Vuelta',2019,10010,20160,'Knecht',1,83),('Vuelta',2019,10011,20161,'Kopman',17,57),('Vuelta',2019,10011,20163,'Tijdrijder',5,24),('Vuelta',2019,10011,20170,'Klimmer',8,24),('Vuelta',2019,10011,20176,'Klimmer',9,46),('Vuelta',2019,10011,20177,'Klimmer',5,158),('Vuelta',2019,10011,20178,'Knecht',1,29),('Vuelta',2019,10011,20179,'Knecht',1,29),('Vuelta',2019,10011,20180,'Knecht',1,128),('Vuelta',2019,10012,20181,'Klimmer',3,76),('Vuelta',2019,10012,20182,'Klimmer',2,38),('Vuelta',2019,10012,20183,'Knecht',1,7),('Vuelta',2019,10012,20184,'Knecht',1,63),('Vuelta',2019,10012,20185,'Knecht',1,54),('Vuelta',2019,10012,20186,'Knecht',1,10),('Vuelta',2019,10012,20187,'Knecht',1,47),('Vuelta',2019,10012,20188,'Knecht',1,10),('Vuelta',2019,10013,20198,'Tijdrijder',2,44),('Vuelta',2019,10013,20205,'Sprinter',3,85),('Vuelta',2019,10013,20206,'Aanvaller',2,17),('Vuelta',2019,10013,20207,'Klimmer',2,22),('Vuelta',2019,10013,20208,'Knecht',1,57),('Vuelta',2019,10013,20209,'Knecht',1,37),('Vuelta',2019,10013,20210,'Knecht',1,49),('Vuelta',2019,10013,20211,'Klimmer',1,39),('Vuelta',2019,10015,20221,'Aanvaller',9,68),('Vuelta',2019,10015,20230,'Aanvaller',2,134),('Vuelta',2019,10015,20232,'Aanvaller',3,20),('Vuelta',2019,10015,20233,'Knecht',2,37),('Vuelta',2019,10015,20234,'Aanvaller',1,20),('Vuelta',2019,10015,20235,'Knecht',1,15),('Vuelta',2019,10015,20236,'Knecht',1,20),('Vuelta',2019,10015,20237,'Knecht',1,106),('Vuelta',2019,10016,20246,'Klimmer',11,65),('Vuelta',2019,10016,20247,'Klimmer',7,106),('Vuelta',2019,10016,20251,'Sprinter',4,60),('Vuelta',2019,10016,20252,'Knecht',2,45),('Vuelta',2019,10016,20253,'Knecht',2,49),('Vuelta',2019,10016,20254,'Knecht',1,21),('Vuelta',2019,10016,20255,'Tijdrijder',1,50),('Vuelta',2019,10016,20256,'Aanvaller',1,21),('Vuelta',2019,10017,20257,'Aanvaller',17,393),('Vuelta',2019,10017,20258,'Kopman',16,346),('Vuelta',2019,10017,20260,'Klimmer',9,210),('Vuelta',2019,10017,20262,'Tijdrijder',4,104),('Vuelta',2019,10017,20264,'Aanvaller',1,67),('Vuelta',2019,10017,20266,'Knecht',2,84),('Vuelta',2019,10017,20269,'Knecht',2,57),('Vuelta',2019,10017,20271,'Knecht',1,73),('Vuelta',2019,10020,20288,'Sprinter',9,71),('Vuelta',2019,10020,20292,'Aanvaller',3,13),('Vuelta',2019,10020,20296,'Knecht',2,49),('Vuelta',2019,10020,20300,'Knecht',1,54),('Vuelta',2019,10020,20303,'Klimmer',5,43),('Vuelta',2019,10020,20304,'Klimmer',1,19),('Vuelta',2019,10020,20305,'Knecht',1,13),('Vuelta',2019,10020,20306,'Aanvaller',1,13),('Vuelta',2019,10021,20310,'Klimmer',10,24),('Vuelta',2019,10021,20311,'Tijdrijder',4,13),('Vuelta',2019,10021,20316,'Klimmer',4,18),('Vuelta',2019,10021,20318,'Knecht',6,130),('Vuelta',2019,10021,20320,'Knecht',1,18),('Vuelta',2019,10021,20323,'Klimmer',4,41),('Vuelta',2019,10021,20324,'Knecht',3,22),('Vuelta',2019,10021,20325,'Tijdrijder',2,17),('Vuelta',2019,10021,20326,'Knecht',1,18),('Vuelta',2019,10022,20328,'Kopman',16,4),('Vuelta',2019,10022,20329,'Klimmer',9,44),('Vuelta',2019,10022,20332,'Tijdrijder',5,14),('Vuelta',2019,10022,20335,'Kopman',18,606),('Vuelta',2019,10022,20338,'Knecht',4,88),('Vuelta',2019,10022,20342,'Aanvaller',7,41),('Vuelta',2019,10022,20343,'Knecht',3,18),('Vuelta',2019,10022,20344,'Knecht',1,20),('Vuelta',2019,10023,20353,'Knecht',5,14),('Vuelta',2019,10023,20354,'Klimmer',4,14),('Vuelta',2019,10023,20355,'Knecht',3,29),('Vuelta',2019,10023,20359,'Klimmer',2,118),('Vuelta',2019,10023,20360,'Knecht',1,14),('Vuelta',2019,10023,20361,'Knecht',1,14),('Vuelta',2019,10023,20362,'Knecht',1,35),('Vuelta',2019,10023,20363,'Knecht',1,14),('Vuelta',2019,10024,20365,'Tijdrijder',9,179),('Vuelta',2019,10024,20368,'Sprinter',3,89),('Vuelta',2019,10024,20369,'Klimmer',3,95),('Vuelta',2019,10024,20378,'Knecht',2,41),('Vuelta',2019,10024,20379,'Sprinter',4,68),('Vuelta',2019,10024,20380,'Knecht',1,32),('Vuelta',2019,10024,20381,'Knecht',1,32),('Vuelta',2019,10024,20382,'Knecht',1,38),('Vuelta',2019,10026,20399,'Aanvaller',4,80),('Vuelta',2019,10026,20405,'Sprinter',11,41),('Vuelta',2019,10026,20406,'Aanvaller',5,70),('Vuelta',2019,10026,20407,'Knecht',1,15),('Vuelta',2019,10026,20408,'Knecht',1,15),('Vuelta',2019,10026,20409,'Knecht',1,15),('Vuelta',2019,10026,20410,'Knecht',1,26),('Vuelta',2019,10026,20411,'Knecht',1,28),('Vuelta',2019,10027,20414,'Kopman',12,43),('Vuelta',2019,10027,20416,'Klimmer',5,23),('Vuelta',2019,10027,20420,'Sprinter',14,43),('Vuelta',2019,10027,20423,'Knecht',4,20),('Vuelta',2019,10027,20424,'Sprinter',3,5),('Vuelta',2019,10027,20425,'Aanvaller',1,6),('Vuelta',2019,10027,20428,'Aanvaller',7,363),('Vuelta',2019,10027,20429,'Knecht',1,5),('Vuelta',2020,10000,20003,'Klimmer',2,0),('Vuelta',2020,10000,20005,'Knecht',3,0),('Vuelta',2020,10000,20012,'Knecht',3,37),('Vuelta',2020,10000,20015,'Knecht',1,74),('Vuelta',2020,10000,20017,'Knecht',1,0),('Vuelta',2020,10000,20019,'Knecht',1,7),('Vuelta',2020,10010,20024,'Klimmer',3,85),('Vuelta',2020,10002,20030,'Aanvaller',8,38),('Vuelta',2020,10002,20031,'Tijdrijder',7,3),('Vuelta',2020,10002,20032,'Aanvaller',6,44),('Vuelta',2020,10033,20033,'Aanvaller',4,98),('Vuelta',2020,10002,20034,'Aanvaller',7,0),('Vuelta',2020,10002,20037,'Klimmer',11,83),('Vuelta',2020,10008,20041,'Klimmer',8,5),('Vuelta',2020,10030,20047,'Aanvaller',8,0),('Vuelta',2020,10030,20048,'Aanvaller',12,0),('Vuelta',2020,10030,20049,'Aanvaller',7,0),('Vuelta',2020,10030,20052,'Sprinter',2,0),('Vuelta',2020,10005,20073,'Kopman',15,0),('Vuelta',2020,10005,20074,'Klimmer',12,0),('Vuelta',2020,10005,20080,'Sprinter',18,119),('Vuelta',2020,10027,20081,'Kopman',12,26),('Vuelta',2020,10005,20083,'Aanvaller',2,0),('Vuelta',2020,10005,20085,'Sprinter',3,8),('Vuelta',2020,10005,20087,'Knecht',2,8),('Vuelta',2020,10010,20088,'Sprinter',18,66),('Vuelta',2020,10005,20090,'Klimmer',4,186),('Vuelta',2020,10010,20091,'Knecht',1,0),('Vuelta',2020,10006,20092,'Aanvaller',1,5),('Vuelta',2020,10006,20093,'Knecht',1,5),('Vuelta',2020,10006,20094,'Aanvaller',1,14),('Vuelta',2020,10006,20095,'Aanvaller',3,5),('Vuelta',2020,10006,20097,'Knecht',1,19),('Vuelta',2020,10006,20099,'Knecht',1,0),('Vuelta',2020,10002,20100,'Klimmer',9,67),('Vuelta',2020,10007,20102,'Aanvaller',2,5),('Vuelta',2020,10007,20103,'Klimmer',3,0),('Vuelta',2020,10007,20104,'Sprinter',4,48),('Vuelta',2020,10007,20107,'Knecht',1,33),('Vuelta',2020,10008,20109,'Aanvaller',6,0),('Vuelta',2020,10008,20110,'Aanvaller',3,0),('Vuelta',2020,10008,20111,'Tijdrijder',4,0),('Vuelta',2020,10008,20113,'Klimmer',4,0),('Vuelta',2020,10008,20114,'Aanvaller',2,13),('Vuelta',2020,10008,20116,'Sprinter',4,42),('Vuelta',2020,10008,20119,'Knecht',2,0),('Vuelta',2020,10008,20124,'Knecht',1,40),('Vuelta',2020,10032,20129,'Klimmer',6,0),('Vuelta',2020,10032,20131,'Knecht',1,3),('Vuelta',2020,10032,20132,'Knecht',1,26),('Vuelta',2020,10025,20133,'Aanvaller',2,39),('Vuelta',2020,10032,20137,'Aanvaller',2,8),('Vuelta',2020,10032,20139,'Aanvaller',2,19),('Vuelta',2020,10017,20143,'Klimmer',14,311),('Vuelta',2020,10010,20148,'Knecht',2,33),('Vuelta',2020,10015,20156,'Aanvaller',10,0),('Vuelta',2020,10010,20158,'Aanvaller',5,42),('Vuelta',2020,10010,20159,'Tijdrijder',4,50),('Vuelta',2020,10033,20162,'Kopman',14,130),('Vuelta',2020,10033,20163,'Tijdrijder',2,5),('Vuelta',2020,10033,20170,'Klimmer',6,258),('Vuelta',2020,10033,20176,'Klimmer',13,0),('Vuelta',2020,10033,20178,'Knecht',1,5),('Vuelta',2020,10033,20179,'Knecht',1,5),('Vuelta',2020,10007,20183,'Knecht',1,5),('Vuelta',2020,10032,20184,'Knecht',2,3),('Vuelta',2020,10007,20186,'Knecht',1,0),('Vuelta',2020,10013,20189,'Kopman',14,0),('Vuelta',2020,10013,20191,'Klimmer',8,151),('Vuelta',2020,10013,20194,'Knecht',2,20),('Vuelta',2020,10013,20196,'Knecht',3,0),('Vuelta',2020,10013,20198,'Tijdrijder',2,0),('Vuelta',2020,10013,20204,'Knecht',1,5),('Vuelta',2020,10013,20206,'Aanvaller',1,5),('Vuelta',2020,10013,20208,'Knecht',1,32),('Vuelta',2020,10013,20209,'Knecht',1,0),('Vuelta',2020,10015,20223,'Aanvaller',7,85),('Vuelta',2020,10015,20230,'Sprinter',4,12),('Vuelta',2020,10015,20232,'Aanvaller',3,5),('Vuelta',2020,10015,20234,'Knecht',2,0),('Vuelta',2020,10016,20246,'Klimmer',9,75),('Vuelta',2020,10016,20247,'Klimmer',7,74),('Vuelta',2020,10016,20252,'Knecht',2,8),('Vuelta',2020,10016,20253,'Knecht',2,75),('Vuelta',2020,10016,20256,'Klimmer',1,17),('Vuelta',2020,10017,20257,'Aanvaller',16,181),('Vuelta',2020,10017,20260,'Klimmer',8,185),('Vuelta',2020,10034,20261,'Knecht',2,5),('Vuelta',2020,10017,20262,'Tijdrijder',3,56),('Vuelta',2020,10017,20263,'Klimmer',2,24),('Vuelta',2020,10017,20264,'Aanvaller',2,24),('Vuelta',2020,10034,20265,'Kopman',18,402),('Vuelta',2020,10017,20266,'Knecht',2,43),('Vuelta',2020,10024,20267,'Tijdrijder',1,70),('Vuelta',2020,10017,20271,'Knecht',1,24),('Vuelta',2020,10037,20291,'Aanvaller',6,52),('Vuelta',2020,10037,20295,'Knecht',1,69),('Vuelta',2020,10037,20299,'Aanvaller',2,5),('Vuelta',2020,10030,20302,'Knecht',1,5),('Vuelta',2020,10037,20304,'Klimmer',2,0),('Vuelta',2020,10030,20310,'Klimmer',9,183),('Vuelta',2020,10034,20312,'Tijdrijder',1,38),('Vuelta',2020,10034,20315,'Klimmer',7,11),('Vuelta',2020,10034,20316,'Klimmer',3,0),('Vuelta',2020,10034,20322,'Knecht',1,0),('Vuelta',2020,10027,20323,'Klimmer',7,143),('Vuelta',2020,10034,20326,'Knecht',1,0),('Vuelta',2020,10036,20329,'Klimmer',5,117),('Vuelta',2020,10036,20335,'Kopman',20,693),('Vuelta',2020,10036,20338,'Knecht',7,162),('Vuelta',2020,10036,20340,'Knecht',1,20),('Vuelta',2020,10036,20342,'Klimmer',5,36),('Vuelta',2020,10036,20344,'Knecht',2,20),('Vuelta',2020,10035,20351,'Aanvaller',3,0),('Vuelta',2020,10035,20357,'Knecht',2,5),('Vuelta',2020,10006,20360,'Knecht',1,8),('Vuelta',2020,10024,20369,'Klimmer',8,0),('Vuelta',2020,10036,20372,'Kopman',15,12),('Vuelta',2020,10024,20378,'Knecht',2,37),('Vuelta',2020,10024,20381,'Knecht',1,80),('Vuelta',2020,10025,20384,'Aanvaller',4,5),('Vuelta',2020,10025,20386,'Klimmer',3,10),('Vuelta',2020,10025,20390,'Knecht',1,5),('Vuelta',2020,10026,20398,'Knecht',1,10),('Vuelta',2020,10026,20402,'Sprinter',3,17),('Vuelta',2020,10026,20408,'Knecht',1,9),('Vuelta',2020,10035,20412,'Kopman',11,265),('Vuelta',2020,10027,20414,'Knecht',2,0),('Vuelta',2020,10027,20415,'Aanvaller',3,75),('Vuelta',2020,10027,20416,'Klimmer',5,59),('Vuelta',2020,10027,20417,'Sprinter',12,129),('Vuelta',2020,10032,20430,'Klimmer',12,286),('Vuelta',2020,10000,20442,'Aanvaller',3,0),('Vuelta',2020,10000,20443,'Knecht',1,45),('Vuelta',2020,10000,20444,'Knecht',1,5),('Vuelta',2020,10002,20453,'Klimmer',13,168),('Vuelta',2020,10002,20454,'Knecht',1,0),('Vuelta',2020,10002,20459,'Knecht',1,8),('Vuelta',2020,10002,20460,'Klimmer',1,8),('Vuelta',2020,10002,20461,'Knecht',1,0),('Vuelta',2020,10030,20469,'Klimmer',1,5),('Vuelta',2020,10030,20470,'Knecht',1,5),('Vuelta',2020,10030,20471,'Knecht',1,0),('Vuelta',2020,10030,20472,'Knecht',1,37),('Vuelta',2020,10005,20480,'Knecht',1,8),('Vuelta',2020,10005,20481,'Knecht',1,25),('Vuelta',2020,10005,20482,'Knecht',1,8),('Vuelta',2020,10006,20483,'Klimmer',2,12),('Vuelta',2020,10006,20484,'Knecht',1,17),('Vuelta',2020,10007,20485,'Knecht',1,5),('Vuelta',2020,10007,20486,'Klimmer',1,5),('Vuelta',2020,10007,20487,'Knecht',1,5),('Vuelta',2020,10007,20488,'Knecht',1,0),('Vuelta',2020,10008,20491,'Knecht',1,5),('Vuelta',2020,10008,20492,'Knecht',1,14),('Vuelta',2020,10032,20497,'Knecht',1,19),('Vuelta',2020,10032,20498,'Knecht',1,48),('Vuelta',2020,10010,20503,'Klimmer',3,57),('Vuelta',2020,10010,20504,'Aanvaller',2,47),('Vuelta',2020,10010,20505,'Aanvaller',1,0),('Vuelta',2020,10010,20506,'Knecht',1,11),('Vuelta',2020,10033,20507,'Knecht',1,5),('Vuelta',2020,10034,20513,'Tijdrijder',12,5),('Vuelta',2020,10034,20514,'Tijdrijder',2,0),('Vuelta',2020,10034,20515,'Knecht',1,0),('Vuelta',2020,10034,20516,'Knecht',1,5),('Vuelta',2020,10035,20521,'Aanvaller',5,0),('Vuelta',2020,10035,20524,'Aanvaller',2,29),('Vuelta',2020,10035,20525,'Knecht',1,5),('Vuelta',2020,10035,20526,'Tijdrijder',1,5),('Vuelta',2020,10035,20527,'Knecht',1,5),('Vuelta',2020,10035,20528,'Knecht',1,17),('Vuelta',2020,10035,20529,'Tijdrijder',1,5),('Vuelta',2020,10036,20533,'Knecht',1,29),('Vuelta',2020,10015,20538,'Sprinter',2,44),('Vuelta',2020,10015,20539,'Knecht',1,31),('Vuelta',2020,10015,20540,'Knecht',1,5),('Vuelta',2020,10015,20541,'Knecht',1,5),('Vuelta',2020,10016,20545,'Knecht',3,13),('Vuelta',2020,10016,20546,'Knecht',1,8),('Vuelta',2020,10016,20547,'Knecht',1,61),('Vuelta',2020,10037,20555,'Aanvaller',3,58),('Vuelta',2020,10037,20556,'Knecht',2,5),('Vuelta',2020,10037,20557,'Knecht',1,5),('Vuelta',2020,10037,20558,'Knecht',1,5),('Vuelta',2020,10024,20566,'Sprinter',2,0),('Vuelta',2020,10024,20567,'Knecht',1,64),('Vuelta',2020,10024,20568,'Knecht',1,0),('Vuelta',2020,10024,20569,'Sprinter',1,69),('Vuelta',2020,10024,20570,'Knecht',1,0),('Vuelta',2020,10024,20571,'Aanvaller',1,0),('Vuelta',2020,10024,20572,'Knecht',1,0),('Vuelta',2020,10024,20573,'Knecht',1,0),('Vuelta',2020,10024,20574,'Knecht',1,72),('Vuelta',2020,10025,20578,'Knecht',1,0),('Vuelta',2020,10025,20579,'Knecht',1,5),('Vuelta',2020,10025,20580,'Knecht',1,0),('Vuelta',2020,10025,20581,'Knecht',1,40),('Vuelta',2020,10025,20582,'Knecht',1,7),('Vuelta',2020,10026,20583,'Klimmer',5,35),('Vuelta',2020,10026,20586,'Knecht',1,0),('Vuelta',2020,10026,20587,'Knecht',1,22),('Vuelta',2020,10026,20588,'Klimmer',1,5),('Vuelta',2020,10026,20589,'Knecht',1,5),('Vuelta',2020,10027,20592,'Knecht',2,18),('Vuelta',2020,10027,20593,'Aanvaller',1,0),('Vuelta',2020,10027,20594,'Knecht',1,35),('Vuelta',2020,10027,20595,'Knecht',1,21),('Vuelta',2021,10039,20005,'Knecht',2,18),('Vuelta',2021,10047,20008,'Aanvaller',2,31),('Vuelta',2021,10039,20016,'Sprinter',2,42),('Vuelta',2021,10041,20030,'Aanvaller',7,3),('Vuelta',2021,10041,20031,'Tijdrijder',5,3),('Vuelta',2021,10041,20032,'Aanvaller',6,8),('Vuelta',2021,10044,20033,'Aanvaller',4,183),('Vuelta',2021,10017,20036,'Kopman',14,192),('Vuelta',2021,10041,20037,'Klimmer',10,40),('Vuelta',2021,10048,20041,'Klimmer',4,29),('Vuelta',2021,10042,20042,'Knecht',1,28),('Vuelta',2021,10043,20046,'Klimmer',10,95),('Vuelta',2021,10043,20050,'Aanvaller',1,69),('Vuelta',2021,10026,20054,'Knecht',1,8),('Vuelta',2021,10043,20058,'Aanvaller',5,23),('Vuelta',2021,10043,20061,'Knecht',1,18),('Vuelta',2021,10005,20074,'Klimmer',11,3),('Vuelta',2021,10027,20082,'Klimmer',8,63),('Vuelta',2021,10005,20086,'Klimmer',2,8),('Vuelta',2021,10005,20090,'Klimmer',3,176),('Vuelta',2021,10006,20092,'Knecht',1,17),('Vuelta',2021,10006,20094,'Aanvaller',2,11),('Vuelta',2021,10006,20095,'Aanvaller',3,8),('Vuelta',2021,10006,20096,'Knecht',1,3),('Vuelta',2021,10041,20100,'Klimmer',5,66),('Vuelta',2021,10007,20102,'Klimmer',2,9),('Vuelta',2021,10007,20104,'Sprinter',4,82),('Vuelta',2021,10010,20122,'Tijdrijder',2,61),('Vuelta',2021,10036,20126,'Knecht',1,20),('Vuelta',2021,10032,20129,'Klimmer',6,52),('Vuelta',2021,10032,20137,'Aanvaller',1,5),('Vuelta',2021,10051,20139,'Aanvaller',2,11),('Vuelta',2021,10039,20140,'Knecht',1,30),('Vuelta',2021,10017,20143,'Kopman',15,315),('Vuelta',2021,10010,20150,'Klimmer',6,5),('Vuelta',2021,10010,20152,'Knecht',3,48),('Vuelta',2021,10010,20157,'Sprinter',8,250),('Vuelta',2021,10010,20158,'Aanvaller',4,5),('Vuelta',2021,10044,20168,'Knecht',1,42),('Vuelta',2021,10040,20169,'Sprinter',3,16),('Vuelta',2021,10044,20170,'Klimmer',14,3),('Vuelta',2021,10027,20172,'Klimmer',1,57),('Vuelta',2021,10044,20174,'Klimmer',3,0),('Vuelta',2021,10044,20180,'Knecht',2,55),('Vuelta',2021,10041,20181,'Klimmer',3,0),('Vuelta',2021,10051,20182,'Klimmer',2,33),('Vuelta',2021,10007,20183,'Knecht',1,17),('Vuelta',2021,10032,20184,'Klimmer',1,5),('Vuelta',2021,10051,20187,'Klimmer',1,8),('Vuelta',2021,10013,20192,'Aanvaller',4,5),('Vuelta',2021,10013,20194,'Knecht',2,44),('Vuelta',2021,10013,20197,'Sprinter',16,87),('Vuelta',2021,10013,20198,'Tijdrijder',1,5),('Vuelta',2021,10013,20199,'Sprinter',2,0),('Vuelta',2021,10013,20201,'Knecht',1,5),('Vuelta',2021,10013,20204,'Knecht',1,12),('Vuelta',2021,10035,20214,'Sprinter',5,0),('Vuelta',2021,10035,20219,'Knecht',1,5),('Vuelta',2021,10044,20224,'Aanvaller',1,5),('Vuelta',2021,10046,20233,'Knecht',1,0),('Vuelta',2021,10015,20236,'Klimmer',2,5),('Vuelta',2021,10034,20239,'Kopman',14,242),('Vuelta',2021,10027,20240,'Sprinter',7,135),('Vuelta',2021,10043,20242,'Klimmer',7,254),('Vuelta',2021,10042,20247,'Klimmer',5,13),('Vuelta',2021,10042,20249,'Tijdrijder',8,5),('Vuelta',2021,10042,20251,'Sprinter',4,26),('Vuelta',2021,10042,20255,'Tijdrijder',1,10),('Vuelta',2021,10042,20256,'Klimmer',1,31),('Vuelta',2021,10017,20257,'Aanvaller',14,31),('Vuelta',2021,10043,20259,'Kopman',16,22),('Vuelta',2021,10017,20262,'Tijdrijder',2,8),('Vuelta',2021,10017,20263,'Klimmer',2,43),('Vuelta',2021,10017,20264,'Aanvaller',2,8),('Vuelta',2021,10034,20265,'Kopman',17,2),('Vuelta',2021,10017,20266,'Knecht',1,13),('Vuelta',2021,10051,20275,'Aanvaller',3,32),('Vuelta',2021,10046,20295,'Knecht',1,31),('Vuelta',2021,10027,20297,'Sprinter',2,68),('Vuelta',2021,10048,20303,'Klimmer',3,64),('Vuelta',2021,10034,20308,'Kopman',19,272),('Vuelta',2021,10043,20310,'Klimmer',11,31),('Vuelta',2021,10034,20312,'Tijdrijder',1,49),('Vuelta',2021,10034,20319,'Klimmer',2,20),('Vuelta',2021,10034,20320,'Knecht',1,5),('Vuelta',2021,10034,20321,'Klimmer',8,47),('Vuelta',2021,10027,20323,'Klimmer',5,164),('Vuelta',2021,10036,20328,'Klimmer',8,131),('Vuelta',2021,10036,20335,'Kopman',20,556),('Vuelta',2021,10036,20338,'Klimmer',9,191),('Vuelta',2021,10036,20339,'Klimmer',4,20),('Vuelta',2021,10036,20342,'Knecht',2,20),('Vuelta',2021,10036,20344,'Knecht',1,20),('Vuelta',2021,10035,20351,'Aanvaller',1,0),('Vuelta',2021,10006,20354,'Klimmer',4,28),('Vuelta',2021,10015,20363,'Knecht',1,38),('Vuelta',2021,10042,20364,'Sprinter',13,158),('Vuelta',2021,10047,20367,'Tijdrijder',2,49),('Vuelta',2021,10036,20373,'Klimmer',6,27),('Vuelta',2021,10047,20374,'Klimmer',2,68),('Vuelta',2021,10047,20381,'Knecht',2,141),('Vuelta',2021,10047,20382,'Knecht',1,39),('Vuelta',2021,10039,20383,'Aanvaller',3,73),('Vuelta',2021,10048,20385,'Klimmer',2,80),('Vuelta',2021,10026,20393,'Klimmer',8,82),('Vuelta',2021,10026,20399,'Aanvaller',3,24),('Vuelta',2021,10026,20407,'Tijdrijder',1,15),('Vuelta',2021,10026,20409,'Knecht',1,3),('Vuelta',2021,10046,20414,'Klimmer',2,27),('Vuelta',2021,10046,20416,'Klimmer',4,11),('Vuelta',2021,10040,20417,'Sprinter',12,121),('Vuelta',2021,10027,20424,'Sprinter',2,51),('Vuelta',2021,10027,20426,'Knecht',2,77),('Vuelta',2021,10032,20430,'Kopman',11,66),('Vuelta',2021,10048,20434,'Aanvaller',2,149),('Vuelta',2021,10048,20436,'Knecht',1,5),('Vuelta',2021,10047,20441,'Kopman',15,141),('Vuelta',2021,10039,20443,'Aanvaller',3,134),('Vuelta',2021,10041,20456,'Knecht',1,8),('Vuelta',2021,10005,20479,'Knecht',1,8),('Vuelta',2021,10005,20480,'Sprinter',1,37),('Vuelta',2021,10007,20485,'Knecht',1,27),('Vuelta',2021,10007,20486,'Knecht',1,5),('Vuelta',2021,10032,20498,'Knecht',1,0),('Vuelta',2021,10010,20503,'Klimmer',3,119),('Vuelta',2021,10010,20505,'Aanvaller',2,35),('Vuelta',2021,10035,20519,'Knecht',1,0),('Vuelta',2021,10035,20527,'Knecht',1,5),('Vuelta',2021,10015,20535,'Klimmer',2,25),('Vuelta',2021,10015,20537,'Knecht',1,0),('Vuelta',2021,10039,20539,'Knecht',1,42),('Vuelta',2021,10042,20547,'Aanvaller',1,13),('Vuelta',2021,10046,20554,'Knecht',1,16),('Vuelta',2021,10043,20555,'Klimmer',4,187),('Vuelta',2021,10047,20566,'Sprinter',3,148),('Vuelta',2021,10047,20574,'Aanvaller',2,43),('Vuelta',2021,10026,20583,'Klimmer',4,55),('Vuelta',2021,10026,20588,'Knecht',1,49),('Vuelta',2021,10027,20595,'Knecht',1,86),('Vuelta',2021,10039,20605,'Knecht',1,33),('Vuelta',2021,10040,20609,'Knecht',1,30),('Vuelta',2021,10040,20612,'Klimmer',2,52),('Vuelta',2021,10040,20613,'Knecht',1,37),('Vuelta',2021,10040,20614,'Sprinter',2,5),('Vuelta',2021,10040,20615,'Knecht',1,5),('Vuelta',2021,10040,20616,'Knecht',1,3),('Vuelta',2021,10041,20621,'Klimmer',15,92),('Vuelta',2021,10005,20630,'Sprinter',2,88),('Vuelta',2021,10005,20631,'Knecht',1,8),('Vuelta',2021,10005,20632,'Knecht',1,8),('Vuelta',2021,10006,20633,'Knecht',1,20),('Vuelta',2021,10006,20634,'Knecht',1,5),('Vuelta',2021,10006,20635,'Knecht',1,5),('Vuelta',2021,10007,20636,'Knecht',1,8),('Vuelta',2021,10007,20637,'Knecht',1,3),('Vuelta',2021,10007,20638,'Knecht',1,0),('Vuelta',2021,10032,20640,'Knecht',1,23),('Vuelta',2021,10032,20641,'Sprinter',1,104),('Vuelta',2021,10032,20642,'Knecht',1,5),('Vuelta',2021,10010,20647,'Knecht',1,14),('Vuelta',2021,10044,20648,'Klimmer',3,0),('Vuelta',2021,10044,20650,'Knecht',1,5),('Vuelta',2021,10051,20659,'Knecht',1,86),('Vuelta',2021,10051,20660,'Knecht',1,33),('Vuelta',2021,10051,20661,'Tijdrijder',1,15),('Vuelta',2021,10051,20662,'Knecht',1,11),('Vuelta',2021,10013,20666,'Knecht',1,26),('Vuelta',2021,10034,20667,'Aanvaller',9,34),('Vuelta',2021,10048,20670,'Knecht',1,16),('Vuelta',2021,10048,20671,'Sprinter',2,75),('Vuelta',2021,10048,20672,'Knecht',1,5),('Vuelta',2021,10035,20676,'Sprinter',1,41),('Vuelta',2021,10035,20677,'Aanvaller',3,7),('Vuelta',2021,10035,20678,'Knecht',1,5),('Vuelta',2021,10015,20683,'Knecht',1,84),('Vuelta',2021,10015,20684,'Knecht',1,29),('Vuelta',2021,10015,20685,'Knecht',1,16),('Vuelta',2021,10015,20686,'Knecht',1,8),('Vuelta',2021,10017,20689,'Knecht',1,6),('Vuelta',2021,10046,20693,'Aanvaller',1,5),('Vuelta',2021,10046,20694,'Knecht',1,5),('Vuelta',2021,10046,20695,'Aanvaller',1,5),('Vuelta',2021,10026,20699,'Aanvaller',2,35),('Vuelta',2022,10039,20012,'Aanvaller',2,17),('Vuelta',2022,10039,20015,'Knecht',1,12),('Vuelta',2022,10059,20023,'Aanvaller',2,45),('Vuelta',2022,10039,20025,'Aanvaller',5,9),('Vuelta',2022,10043,20031,'Knecht',3,35),('Vuelta',2022,10053,20034,'Aanvaller',12,21),('Vuelta',2022,10053,20036,'Kopman',13,233),('Vuelta',2022,10026,20038,'Aanvaller',2,24),('Vuelta',2022,10032,20039,'Knecht',2,12),('Vuelta',2022,10048,20041,'Klimmer',8,3),('Vuelta',2022,10053,20043,'Kopman',15,21),('Vuelta',2022,10036,20045,'Tijdrijder',6,47),('Vuelta',2022,10048,20051,'Kopman',10,7),('Vuelta',2022,10056,20058,'Aanvaller',4,24),('Vuelta',2022,10017,20076,'Klimmer',2,36),('Vuelta',2022,10027,20080,'Sprinter',7,170),('Vuelta',2022,10005,20088,'Sprinter',9,128),('Vuelta',2022,10006,20092,'Knecht',1,5),('Vuelta',2022,10006,20094,'Aanvaller',2,11),('Vuelta',2022,10006,20095,'Aanvaller',2,0),('Vuelta',2022,10006,20097,'Knecht',1,40),('Vuelta',2022,10058,20109,'Klimmer',2,32),('Vuelta',2022,10058,20111,'Tijdrijder',3,11),('Vuelta',2022,10019,20123,'Knecht',1,9),('Vuelta',2022,10005,20125,'Sprinter',2,46),('Vuelta',2022,10032,20129,'Klimmer',4,70),('Vuelta',2022,10032,20137,'Knecht',1,0),('Vuelta',2022,10051,20139,'Klimmer',3,10),('Vuelta',2022,10059,20142,'Aanvaller',13,27),('Vuelta',2022,10017,20143,'Kopman',17,340),('Vuelta',2022,10059,20147,'Knecht',1,32),('Vuelta',2022,10059,20154,'Knecht',1,27),('Vuelta',2022,10059,20159,'Tijdrijder',3,64),('Vuelta',2022,10056,20161,'Kopman',10,111),('Vuelta',2022,10058,20162,'Klimmer',9,6),('Vuelta',2022,10056,20170,'Klimmer',12,29),('Vuelta',2022,10056,20174,'Klimmer',1,18),('Vuelta',2022,10005,20177,'Klimmer',8,53),('Vuelta',2022,10060,20180,'Tijdrijder',1,97),('Vuelta',2022,10051,20182,'Klimmer',3,10),('Vuelta',2022,10051,20187,'Klimmer',1,7),('Vuelta',2022,10013,20189,'Klimmer',6,100),('Vuelta',2022,10013,20192,'Knecht',1,65),('Vuelta',2022,10013,20193,'Klimmer',1,55),('Vuelta',2022,10013,20200,'Knecht',1,31),('Vuelta',2022,10013,20208,'Tijdrijder',1,26),('Vuelta',2022,10032,20214,'Sprinter',3,9),('Vuelta',2022,10015,20221,'Aanvaller',3,5),('Vuelta',2022,10058,20237,'Klimmer',2,36),('Vuelta',2022,10060,20238,'Kopman',16,110),('Vuelta',2022,10058,20241,'Sprinter',3,47),('Vuelta',2022,10060,20243,'Tijdrijder',2,32),('Vuelta',2022,10060,20245,'Knecht',2,44),('Vuelta',2022,10056,20246,'Klimmer',6,7),('Vuelta',2022,10060,20249,'Klimmer',3,33),('Vuelta',2022,10017,20257,'Aanvaller',11,71),('Vuelta',2022,10019,20258,'Kopman',15,0),('Vuelta',2022,10043,20259,'Kopman',17,48),('Vuelta',2022,10027,20260,'Klimmer',5,211),('Vuelta',2022,10017,20262,'Tijdrijder',1,37),('Vuelta',2022,10017,20263,'Aanvaller',2,20),('Vuelta',2022,10034,20265,'Kopman',19,234),('Vuelta',2022,10017,20266,'Knecht',1,34),('Vuelta',2022,10043,20267,'Knecht',1,22),('Vuelta',2022,10017,20268,'Knecht',1,20),('Vuelta',2022,10057,20270,'Klimmer',2,8),('Vuelta',2022,10019,20282,'Knecht',1,4),('Vuelta',2022,10039,20296,'Kopman',15,167),('Vuelta',2022,10048,20303,'Klimmer',12,122),('Vuelta',2022,10043,20310,'Klimmer',6,17),('Vuelta',2022,10034,20312,'Tijdrijder',2,72),('Vuelta',2022,10034,20318,'Klimmer',6,135),('Vuelta',2022,10034,20321,'Klimmer',8,113),('Vuelta',2022,10053,20323,'Klimmer',4,39),('Vuelta',2022,10036,20333,'Sprinter',3,117),('Vuelta',2022,10036,20335,'Kopman',19,262),('Vuelta',2022,10036,20338,'Klimmer',11,53),('Vuelta',2022,10036,20342,'Knecht',1,96),('Vuelta',2022,10006,20354,'Klimmer',2,5),('Vuelta',2022,10005,20362,'Knecht',3,41),('Vuelta',2022,10015,20363,'Knecht',1,0),('Vuelta',2022,10005,20365,'Tijdrijder',12,108),('Vuelta',2022,10047,20368,'Knecht',1,40),('Vuelta',2022,10036,20373,'Klimmer',2,47),('Vuelta',2022,10048,20375,'Aanvaller',1,41),('Vuelta',2022,10059,20376,'Knecht',1,32),('Vuelta',2022,10005,20377,'Kopman',18,176),('Vuelta',2022,10048,20385,'Klimmer',4,46),('Vuelta',2022,10026,20397,'Knecht',1,24),('Vuelta',2022,10047,20405,'Sprinter',2,56),('Vuelta',2022,10026,20407,'Knecht',1,33),('Vuelta',2022,10027,20424,'Sprinter',2,112),('Vuelta',2022,10027,20426,'Knecht',1,116),('Vuelta',2022,10052,20437,'Aanvaller',3,33),('Vuelta',2022,10039,20439,'Knecht',1,9),('Vuelta',2022,10039,20443,'Klimmer',3,45),('Vuelta',2022,10053,20457,'Knecht',1,47),('Vuelta',2022,10053,20458,'Klimmer',2,25),('Vuelta',2022,10056,20460,'Knecht',1,10),('Vuelta',2022,10032,20462,'Sprinter',5,67),('Vuelta',2022,10013,20467,'Aanvaller',2,120),('Vuelta',2022,10043,20469,'Klimmer',5,17),('Vuelta',2022,10043,20472,'Aanvaller',5,191),('Vuelta',2022,10015,20489,'Knecht',1,5),('Vuelta',2022,10027,20499,'Kopman',15,226),('Vuelta',2022,10056,20507,'Knecht',1,35),('Vuelta',2022,10019,20510,'Knecht',1,54),('Vuelta',2022,10058,20513,'Klimmer',5,11),('Vuelta',2022,10036,20531,'Knecht',2,64),('Vuelta',2022,10048,20538,'Sprinter',2,9),('Vuelta',2022,10036,20543,'Tijdrijder',5,49),('Vuelta',2022,10060,20546,'Knecht',1,30),('Vuelta',2022,10052,20547,'Aanvaller',2,15),('Vuelta',2022,10043,20555,'Aanvaller',6,67),('Vuelta',2022,10019,20563,'Knecht',1,36),('Vuelta',2022,10047,20565,'Knecht',1,36),('Vuelta',2022,10047,20567,'Knecht',1,11),('Vuelta',2022,10059,20573,'Aanvaller',3,32),('Vuelta',2022,10047,20574,'Tijdrijder',9,186),('Vuelta',2022,10026,20583,'Knecht',3,46),('Vuelta',2022,10026,20585,'Sprinter',11,359),('Vuelta',2022,10026,20588,'Klimmer',14,24),('Vuelta',2022,10027,20591,'Klimmer',9,61),('Vuelta',2022,10027,20594,'Knecht',1,67),('Vuelta',2022,10039,20605,'Knecht',1,17),('Vuelta',2022,10052,20607,'Aanvaller',2,55),('Vuelta',2022,10052,20608,'Knecht',2,0),('Vuelta',2022,10052,20610,'Knecht',1,54),('Vuelta',2022,10052,20612,'Klimmer',2,187),('Vuelta',2022,10052,20613,'Knecht',1,10),('Vuelta',2022,10053,20622,'Tijdrijder',2,109),('Vuelta',2022,10051,20633,'Knecht',1,27),('Vuelta',2022,10006,20634,'Knecht',1,13),('Vuelta',2022,10032,20640,'Knecht',1,5),('Vuelta',2022,10059,20643,'Kopman',15,613),('Vuelta',2022,10052,20645,'Sprinter',17,78),('Vuelta',2022,10005,20646,'Sprinter',3,132),('Vuelta',2022,10015,20649,'Knecht',1,29),('Vuelta',2022,10051,20660,'Klimmer',2,23),('Vuelta',2022,10051,20661,'Tijdrijder',1,7),('Vuelta',2022,10051,20662,'Knecht',1,15),('Vuelta',2022,10048,20665,'Knecht',1,15),('Vuelta',2022,10019,20673,'Knecht',1,48),('Vuelta',2022,10058,20676,'Sprinter',1,28),('Vuelta',2022,10015,20686,'Aanvaller',2,16),('Vuelta',2022,10019,20690,'Sprinter',1,91),('Vuelta',2022,10058,20691,'Knecht',1,38),('Vuelta',2022,10032,20696,'Knecht',1,5),('Vuelta',2022,10005,20697,'Tijdrijder',1,26),('Vuelta',2022,10052,20701,'Sprinter',1,41),('Vuelta',2022,10053,20703,'Knecht',1,36),('Vuelta',2022,10043,20707,'Knecht',1,63),('Vuelta',2022,10006,20709,'Knecht',1,33),('Vuelta',2022,10006,20710,'Knecht',1,27),('Vuelta',2022,10006,20711,'Knecht',1,0),('Vuelta',2022,10032,20712,'Knecht',1,5),('Vuelta',2022,10056,20713,'Knecht',1,26),('Vuelta',2022,10057,20715,'Tijdrijder',2,30),('Vuelta',2022,10057,20716,'Knecht',2,29),('Vuelta',2022,10057,20717,'Knecht',1,25),('Vuelta',2022,10057,20718,'Aanvaller',2,23),('Vuelta',2022,10057,20719,'Knecht',1,16),('Vuelta',2022,10057,20720,'Knecht',1,13),('Vuelta',2022,10057,20721,'Aanvaller',2,13),('Vuelta',2022,10051,20722,'Knecht',1,7),('Vuelta',2022,10013,20724,'Sprinter',3,78),('Vuelta',2022,10013,20725,'Knecht',1,58),('Vuelta',2022,10034,20727,'Klimmer',4,234),('Vuelta',2022,10034,20728,'Knecht',1,94),('Vuelta',2022,10034,20729,'Sprinter',9,85),('Vuelta',2022,10034,20730,'Tijdrijder',2,50),('Vuelta',2022,10048,20734,'Knecht',1,8),('Vuelta',2022,10015,20737,'Knecht',1,68),('Vuelta',2022,10015,20738,'Aanvaller',1,32),('Vuelta',2022,10015,20739,'Knecht',1,0),('Vuelta',2022,10017,20740,'Knecht',1,15),('Vuelta',2022,10019,20743,'Knecht',1,4),('Vuelta',2022,10060,20744,'Sprinter',3,120),('Vuelta',2022,10060,20745,'Knecht',1,24),('Vuelta',2022,10047,20749,'Knecht',1,51),('Vuelta',2022,10047,20750,'Knecht',1,17),('Vuelta',2022,10047,20751,'Knecht',1,11),('Vuelta',2022,10026,20754,'Knecht',1,24),('Vuelta',2022,10026,20755,'Knecht',1,19),('Vuelta',2022,10027,20756,'Klimmer',2,293);
/*!40101 SET @saved_cs_client     = @@character_set_client */;
/*!50503 SET character_set_client = utf8mb4 */;
CREATE TABLE `renner` (
  `id` int NOT NULL,
  `voornaam` varchar(64) DEFAULT NULL,
  `achternaam` varchar(64) DEFAULT NULL,
  PRIMARY KEY (`id`)
) ENGINE=InnoDB DEFAULT CHARSET=utf8mb4 COLLATE=utf8mb4_0900_ai_ci;
/*!40101 SET character_set_client = @saved_cs_client */;
INSERT INTO `renner` (`id`, `voornaam`, `achternaam`) VALUES (20000,'Oliver','Naesen'),(20001,'Alexis','Vuillermoz'),(20002,'Tony','Gallopin'),(20003,'Mathias','Frank'),(20004,'Alexis','Gougeard'),(20005,'Mikal','Chrel'),(20006,'Benot','Cosnefroy'),(20007,'Hubert','Dupont'),(20008,'Nico','Denz'),(20009,'Franois','Bidard'),(20010,'Larry','Warbasse'),(20011,'Ben','Gastauer'),(20012,'Nans','Peters'),(20013,'Pierre','Latour'),(20014,'Silvan','Dillier'),(20015,'Dorian','Godon'),(20016,'Clment','Venturini'),(20017,'Clment','Chevrier'),(20018,'Geoffrey','Bouchard'),(20019,'Quentin','Jauregui'),(20020,'Matteo','Montaguti'),(20021,'Manuel','Belletti'),(20022,'Francesco','Gavazzi'),(20023,'Fausto','Masnada'),(20024,'Mattia','Cattaneo'),(20025,'Andrea','Vendrame'),(20026,'Miguel','Flrez'),(20027,'Marco','Frapporti'),(20028,'Jakob','Fuglsang'),(20029,'Pello','Bilbao'),(20030,'Omar','Fraile'),(20031,'Luis Len','Snchez'),(20032,'Gorka','Izagirre'),(20033,'Magnus','Cort'),(20034,'Alexey','Lutsenko'),(20035,'Hugo','Houle'),(20036,'Miguel ngel','Lpez'),(20037,'Ion','Izagirre'),(20038,'Dario','Cataldo'),(20039,'Davide','Villella'),(20040,'Manuele','Boaro'),(20041,'Jan','Hirt'),(20042,'Andrey','Zeits'),(20043,'Vincenzo','Nibali'),(20044,'Sonny','Colbrelli'),(20045,'Rohan','Dennis'),(20046,'Damiano','Caruso'),(20047,'Matej','Mohoric'),(20048,'Dylan','Teuns'),(20049,'Ivn','Garca'),(20050,'Jan','Tratnik'),(20051,'Domenico','Pozzovivo'),(20052,'Grega','Bole'),(20053,'Valerio','Agnoli'),(20054,'Antonio','Nibali'),(20055,'Kristijan','Koren'),(20056,'Andrea','Garosio'),(20057,'Phil','Bauhaus'),(20058,'Mark','Padun'),(20059,'Heinrich','Haussler'),(20060,'Luka','Pibernik'),(20061,'Yukiya','Arashiro'),(20062,'Domen','Novak'),(20063,'Hermann','Pernsteiner'),(20064,'Enrico','Barbin'),(20065,'Lorenzo','Rota'),(20066,'Paolo','Simion'),(20067,'Giovanni','Carboni'),(20068,'Manuel','Senni'),(20069,'Mirco','Maestri'),(20070,'Umberto','Orsini'),(20071,'Luca','Covili'),(20072,'Peter','Sagan'),(20073,'Emanuel','Buchmann'),(20074,'Maximilian','Schachmann'),(20075,'Patrick','Konrad'),(20076,'Gregor','Mhlberger'),(20077,'Daniel','Oss'),(20078,'Lukas','Pstlberger'),(20079,'Marcus','Burghardt'),(20080,'Pascal','Ackermann'),(20081,'Davide','Formolo'),(20082,'Rafal','Majka'),(20083,'Jay','McCarthy'),(20084,'Pawel','Poljanski'),(20085,'Rdiger','Selig'),(20086,'Cesare','Benedetti'),(20087,'Michael','Schwarzmann'),(20088,'Sam','Bennett'),(20089,'Jempy','Drcker'),(20090,'Felix','Groschartner'),(20091,'Shane','Archbold'),(20092,'scar','Cabedo'),(20093,'Ricardo','Vilela'),(20094,'Jetse','Bol'),(20095,'ngel','Madrazo'),(20096,'Diego','Rubio'),(20097,'Jess','Ezquerra'),(20098,'Nuno','Bico'),(20099,'Jorge','Cubero'),(20100,'Alex','Aranburu'),(20101,'Sergey','Chernetsky'),(20102,'Jonathan','Lastra'),(20103,'Cristin','Rodrguez'),(20104,'Jon','Aberasturi'),(20105,'Domingos','Gonalves'),(20106,'Sergio','Pardilla'),(20107,'Gonzalo','Serrano'),(20108,'Greg','Van Avermaet'),(20109,'Alessandro','De Marchi'),(20110,'Serge','Pauwels'),(20111,'Patrick','Bevin'),(20112,'Joey','Rosskopf'),(20113,'Simon','Geschke'),(20114,'Lukasz','Wisniowski'),(20115,'Michael','Schr'),(20116,'Jakub','Mareczko'),(20117,'Vctor','de la Parte'),(20118,'Laurens','ten Dam'),(20119,'Francisco','Ventoso'),(20120,'Amaro','Antunes'),(20121,'Kamil','Gradek'),(20122,'Josef','Cern'),(20123,'Lukasz','Owsian'),(20124,'William','Barta'),(20125,'Jonas','Koch'),(20126,'Nathan','Van Hooydonck'),(20127,'Szymon','Sajnok'),(20128,'Christophe','Laporte'),(20129,'Jess','Herrada'),(20130,'Nicolas','Edet'),(20131,'Natnael','Berhane'),(20132,'Pierre-Luc','Prichon'),(20133,'Julien','Simon'),(20134,'Stphane','Rossetto'),(20135,'Anthony','Perez'),(20136,'Darwin','Atapuma'),(20137,'Jos','Herrada'),(20138,'Jesper','Hansen'),(20139,'Luis ngel','Mat'),(20140,'Damien','Touz'),(20141,'Elia','Viviani'),(20142,'Julian','Alaphilippe'),(20143,'Enric','Mas'),(20144,'Yves','Lampaert'),(20145,'Kasper','Asgreen'),(20146,'Maximiliano','Richeze'),(20147,'Dries','Devenyns'),(20148,'Michael','Mrkv'),(20149,'Bob','Jungels'),(20150,'James','Knox'),(20151,'Fabio','Sabatini'),(20152,'Florian','Snchal'),(20153,'Eros','Capecchi'),(20154,'Pieter','Serry'),(20155,'Mikkel','Honor'),(20156,'Philippe','Gilbert'),(20157,'Fabio','Jakobsen'),(20158,'Zdenek','tybar'),(20159,'Rmi','Cavagna'),(20160,'Tim','Declercq'),(20161,'Rigoberto','Urn'),(20162,'Michael','Woods'),(20163,'Tejay','van Garderen'),(20164,'Alberto','Bettiol'),(20165,'Tanel','Kangert'),(20166,'Simon','Clarke'),(20167,'Sebastian','Langeveld'),(20168,'Tom','Scully'),(20169,'Sacha','Modolo'),(20170,'Hugh','Carthy'),(20171,'Matti','Breschel'),(20172,'Joe','Dombrowski'),(20173,'Sean','Bennett'),(20174,'Jonathan','Caicedo'),(20175,'Nathan','Brown'),(20176,'Daniel','Martnez'),(20177,'Sergio','Higuita'),(20178,'Mitch','Docker'),(20179,'Logan','Owen'),(20180,'Lawson','Craddock'),(20181,'scar','Rodrguez'),(20182,'Mikel','Bizkarra'),(20183,'Aritz','Bages'),(20184,'Fernando','Barcel'),(20185,'Cyril','Barthe'),(20186,'Hctor','Sez'),(20187,'Mikel','Iturria'),(20188,'Sergio','Samitier'),(20189,'Thibaut','Pinot'),(20190,'Stefan','Kng'),(20191,'David','Gaudu'),(20192,'Rudy','Molard'),(20193,'Sbastien','Reichenbach'),(20194,'Anthony','Roux'),(20195,'William','Bonnet'),(20196,'Matthieu','Ladagnous'),(20197,'Arnaud','Dmare'),(20198,'Tobias','Ludvigsson'),(20199,'Jacopo','Guarnieri'),(20200,'Miles','Scotson'),(20201,'Ramon','Sinkeldam'),(20202,'Ignatas','Konovalovas'),(20203,'Valentin','Madouas'),(20204,'Olivier','Le Gac'),(20205,'Marc','Sarreau'),(20206,'Mickal','Delage'),(20207,'Steve','Morabito'),(20208,'Bruno','Armirail'),(20209,'Romain','Seigle'),(20210,'Benjamin','Thomas'),(20211,'Kilian','Frankiny'),(20212,'Kristian','Sbaragli'),(20213,'Krists','Neilands'),(20214,'Davide','Cimolai'),(20215,'Rubn','Plaza'),(20216,'Guillaume','Boivin'),(20217,'Conor','Dunne'),(20218,'Awet','Andemeskel'),(20219,'Guy','Niv'),(20220,'Caleb','Ewan'),(20221,'Thomas','De Gendt'),(20222,'Tiesj','Benoot'),(20223,'Tim','Wellens'),(20224,'Jens','Keukeleire'),(20225,'Maxime','Monfort'),(20226,'Roger','Kluge'),(20227,'Jasper','De Buyst'),(20228,'Victor','Campenaerts'),(20229,'Jelle','Vanendert'),(20230,'Tosh','Van der Sande'),(20231,'Adam','Hansen'),(20232,'Tomasz','Marczynski'),(20233,'Sander','Arme'),(20234,'Jelle','Wallays'),(20235,'Brian','van Goethem'),(20236,'Harm','Vanhoucke'),(20237,'Carl Fredrik','Hagen'),(20238,'Simon','Yates'),(20239,'Adam','Yates'),(20240,'Matteo','Trentin'),(20241,'Daryl','Impey'),(20242,'Jack','Haig'),(20243,'Luke','Durbridge'),(20244,'Christopher','Juul-Jensen'),(20245,'Michael','Hepburn'),(20246,'Esteban','Chaves'),(20247,'Mikel','Nieve'),(20248,'Jack','Bauer'),(20249,'Lucas','Hamilton'),(20250,'Brent','Bookwalter'),(20251,'Luka','Mezgec'),(20252,'Tsgabu','Grmay'),(20253,'Dion','Smith'),(20254,'Sam','Bewley'),(20255,'Damien','Howson'),(20256,'Nicholas','Schultz'),(20257,'Alejandro','Valverde'),(20258,'Nairo','Quintana'),(20259,'Mikel','Landa'),(20260,'Marc','Soler'),(20261,'Andrey','Amador'),(20262,'Nlson','Oliveira'),(20263,'Carlos','Verona'),(20264,'Imanol','Erviti'),(20265,'Richard','Carapaz'),(20266,'Jos Joaqun','Rojas'),(20267,'Jasha','Stterlin'),(20268,'Llus','Mas'),(20269,'Antonio','Pedrero'),(20270,'Hctor','Carretero'),(20271,'Jorge','Arcas'),(20272,'Ivan','Santaromita'),(20273,'Sho','Hatsuyama'),(20274,'Marco','Canola'),(20275,'Juan Jos','Lobato'),(20276,'Damiano','Cima'),(20277,'Giovanni','Lonardi'),(20278,'Hiroki','Nishimura'),(20279,'Nicola','Bagioli'),(20280,'Andr','Greipel'),(20281,'Warren','Barguil'),(20282,'Anthony','Delaplace'),(20283,'Amal','Moinard'),(20284,'Maxime','Bouet'),(20285,'Elie','Gesbert'),(20286,'Florian','Vachon'),(20287,'Kvin','Ledanois'),(20288,'Edvald','Boasson Hagen'),(20289,'Roman','Kreuziger'),(20290,'Giacomo','Nizzolo'),(20291,'Michael','Valgren'),(20292,'Benjamin','King'),(20293,'Steve','Cummings'),(20294,'Lars','Bak'),(20295,'Reinardt','Janse van Rensburg'),(20296,'Ben','O\'Connor'),(20297,'Ryan','Gibbons'),(20298,'Mark','Renshaw'),(20299,'Enrico','Gasparotto'),(20300,'Amanuel','Ghebreigzabhier'),(20301,'Danilo','Wyss'),(20302,'Scott','Davies'),(20303,'Louis','Meintjes'),(20304,'Nicholas','Dlamini'),(20305,'Rasmus','Tiller'),(20306,'Jaco','Venter'),(20307,'Geraint','Thomas'),(20308,'Egan','Bernal'),(20309,'Michal','Kwiatkowski'),(20310,'Wout','Poels'),(20311,'Jonathan','Castroviejo'),(20312,'Dylan','van Baarle'),(20313,'Gianni','Moscon'),(20314,'Luke','Rowe'),(20315,'Ivn','Sosa'),(20316,'Sebastin','Henao'),(20317,'Eddie','Dunbar'),(20318,'Tao','Geoghegan Hart'),(20319,'Jhonatan','Narvez'),(20320,'Salvatore','Puccio'),(20321,'Pavel','Sivakov'),(20322,'Christian','Knees'),(20323,'David','De La Cruz'),(20324,'Owain','Doull'),(20325,'Vasil','Kiryienka'),(20326,'Ian','Stannard'),(20327,'Dylan','Groenewegen'),(20328,'Steven','Kruijswijk'),(20329,'George','Bennett'),(20330,'Wout','van Aert'),(20331,'Laurens','De Plus'),(20332,'Tony','Martin'),(20333,'Mike','Teunissen'),(20334,'Amund Grndahl','Jansen'),(20335,'Primo','Roglic'),(20336,'Jos','van Emden'),(20337,'Antwan','Tolhoek'),(20338,'Sepp','Kuss'),(20339,'Koen','Bouwman'),(20340,'Paul','Martens'),(20341,'Tom','Leezer'),(20342,'Robert','Gesink'),(20343,'Neilson','Powless'),(20344,'Lennard','Hofstede'),(20345,'Ilnur','Zakarin'),(20346,'Marco','Haller'),(20347,'Jos','Gonalves'),(20348,'Jens','Debusschere'),(20349,'Alex','Dowsett'),(20350,'Nils','Politt'),(20351,'Mads','Wrtz'),(20352,'Rick','Zabel'),(20353,'Enrico','Battaglin'),(20354,'Daniel','Navarro'),(20355,'Vyacheslav','Kuznetsov'),(20356,'Jenthe','Biermans'),(20357,'Reto','Hollenstein'),(20358,'Dmitriy','Strakhov'),(20359,'Ruben','Guerreiro'),(20360,'Willie','Smit'),(20361,'Pavel','Kochetkov'),(20362,'Matteo','Fabbro'),(20363,'Steff','Cras'),(20364,'Michael','Matthews'),(20365,'Wilco','Kelderman'),(20366,'Sren','Kragh'),(20367,'Chad','Haga'),(20368,'Nikias','Arndt'),(20369,'Nicolas','Roche'),(20370,'Cees','Bol'),(20371,'Lennard','Kmna'),(20372,'Tom','Dumoulin'),(20373,'Sam','Oomen'),(20374,'Chris','Hamilton'),(20375,'Jan','Bakelants'),(20376,'Louis','Vervaeke'),(20377,'Jai','Hindley'),(20378,'Robert','Power'),(20379,'Max','Walscheid'),(20380,'Casper','Pedersen'),(20381,'Michael','Storer'),(20382,'Martijn','Tusveld'),(20383,'Lilian','Calmejane'),(20384,'Niki','Terpstra'),(20385,'Rein','Taarame'),(20386,'Romain','Sicard'),(20387,'Anthony','Turgis'),(20388,'Niccol','Bonifazio'),(20389,'Fabien','Grellier'),(20390,'Paul','Ourselin'),(20391,'Bauke','Mollema'),(20392,'Richie','Porte'),(20393,'Giulio','Ciccone'),(20394,'Toms','Skujin'),(20395,'Jasper','Stuyven'),(20396,'Fabio','Felline'),(20397,'Julien','Bernard'),(20398,'Koen','de Kort'),(20399,'Gianluca','Brambilla'),(20400,'Markel','Irizar'),(20401,'Michael','Gogl'),(20402,'Matteo','Moschetti'),(20403,'William','Clarke'),(20404,'Nicola','Conci'),(20405,'John','Degenkolb'),(20406,'Edward','Theuns'),(20407,'Alex','Kirsch'),(20408,'Niklas','Eg'),(20409,'Kiel','Reijnen'),(20410,'Peter','Stetina'),(20411,'Jacopo','Mosca'),(20412,'Daniel','Martin'),(20413,'Alexander','Kristoff'),(20414,'Fabio','Aru'),(20415,'Rui','Costa'),(20416,'Sergio','Henao'),(20417,'Jasper','Philipsen'),(20418,'Sven Erik','Bystrm'),(20419,'Vegard','Laengen'),(20420,'Fernando','Gaviria'),(20421,'Diego','Ulissi'),(20422,'Simone','Consonni'),(20423,'Valerio','Conti'),(20424,'Sebastin','Molano'),(20425,'Marco','Marcato'),(20426,'Jan','Polanc'),(20427,'Tom','Bohli'),(20428,'Tadej','Pogacar'),(20429,'Oliviero','Troia'),(20430,'Guillaume','Martin'),(20431,'Andrea','Pasqualon'),(20432,'Yoann','Offredo'),(20433,'Aim','De Gendt'),(20434,'Odd Christian','Eiking'),(20435,'Frederik','Backaert'),(20436,'Kevin','Van Melsen'),(20437,'Xandro','Meurisse'),(20438,'Axel','Domont'),(20439,'Jaakko','Hnninen'),(20440,'Aurlien','Paret-Peintre'),(20441,'Romain','Bardet'),(20442,'Alexandre','Geniez'),(20443,'Clment','Champoussin'),(20444,'Harry','Tanfield'),(20445,'Simon','Pellaud'),(20446,'Jhonatan','Restrepo'),(20447,'Mattia','Bais'),(20448,'Alessandro','Bisolti'),(20449,'Jefferson Alexander','Cepeda'),(20450,'Luca','Chirico'),(20451,'Simone','Ravanelli'),(20452,'Josip','Rumac'),(20453,'Aleksander','Vlasov'),(20454,'Jonas','Gregaard'),(20455,'Rodrigo','Contreras'),(20456,'Yuriy','Natarov'),(20457,'Vadim','Pronskiy'),(20458,'Harold','Tejada'),(20459,'Dmitriy','Gruzdev'),(20460,'Merhawi','Kudus'),(20461,'Nikita','Stalnov'),(20462,'Bryan','Coquard'),(20463,'Pierre','Rolland'),(20464,'Cyril','Gautier'),(20465,'Kvin','Reza'),(20466,'Maxime','Chevalier'),(20467,'Quentin','Pacher'),(20468,'Rafael','Valls'),(20469,'Santiago','Buitrago'),(20470,'Kevin','Inkelaar'),(20471,'Stephen','Williams'),(20472,'Fred','Wright'),(20473,'Filippo','Fiorelli'),(20474,'Fabio','Mazzucco'),(20475,'Francesco','Romano'),(20476,'Alessandro','Tonelli'),(20477,'Filippo','Zana'),(20478,'Maciej','Bodnar'),(20479,'Patrick','Gamper'),(20480,'Martin','Laas'),(20481,'Ide','Schelling'),(20482,'Andreas','Schillinger'),(20483,'Juan Felipe','Osorio'),(20484,'Alex','Molenaar'),(20485,'Julen','Amezqueta'),(20486,'Jefferson Alveiro','Cepeda'),(20487,'Jhojan','Garca'),(20488,'Jon','Irisarri'),(20489,'Kamil','Malecki'),(20490,'Attila','Valter'),(20491,'Michal','Paluta'),(20492,'Georg','Zimmerman'),(20493,'Nathan','Haas'),(20494,'Mathias','Le Turnier'),(20495,'Marco','Mathis'),(20496,'Kenneth','Vanbilsen'),(20497,'Victor','Lafay'),(20498,'Emmanuel','Morin'),(20499,'Joo','Almeida'),(20500,'lvaro','Hodeg'),(20501,'Davide','Ballerini'),(20502,'Iljo','Keisse'),(20503,'Andrea','Bagioli'),(20504,'Jannik','Steimle'),(20505,'Mauri','Vansevenant'),(20506,'Ian','Garrison'),(20507,'Julius','van den Berg'),(20508,'Lachlan','Morton'),(20509,'James','Whelan'),(20510,'Simon','Guglielmi'),(20511,'Filippo','Ganna'),(20512,'Ben','Swift'),(20513,'Chris','Froome'),(20514,'Brandon','Rivera'),(20515,'Michal','Golas'),(20516,'Cameron','Wurf'),(20517,'Rudy','Barbier'),(20518,'Matthias','Brndle'),(20519,'Alex','Cataford'),(20520,'Guy','Sagiv'),(20521,'Ben','Hermans'),(20522,'Tom','Van Asbroeck'),(20523,'Hugo','Hofstetter'),(20524,'Mihkel','Rim'),(20525,'Matteo','Badilatti'),(20526,'Omer','Goldshtein'),(20527,'James','Piccoli'),(20528,'Alexis','Renard'),(20529,'Rory','Sutherland'),(20530,'Tobias','Foss'),(20531,'Chris','Harper'),(20532,'Christoph','Pfingsten'),(20533,'Jonas','Vingegaard'),(20534,'Jon','Dibben'),(20535,'Matthew','Holmes'),(20536,'Stefano','Oldani'),(20537,'Frederik','Frison'),(20538,'Gerben','Thijssen'),(20539,'Stan','Dewulf'),(20540,'Kobe','Goossens'),(20541,'Rmy','Mertz'),(20542,'Brent','Van Moer'),(20543,'Edoardo','Affini'),(20544,'Cameron','Meyer'),(20545,'Alexander','Edmondson'),(20546,'Callum','Scotson'),(20547,'Robert','Stannard'),(20548,'Carlos','Betancur'),(20549,'Juan Diego','Alba'),(20550,'Einer','Rubio'),(20551,'Eduardo','Seplveda'),(20552,'Albert','Torres'),(20553,'Matteo','Sobrero'),(20554,'Dylan','Sunderland'),(20555,'Gino','Mder'),(20556,'Carlos','Barbero'),(20557,'Stefan','de Bod'),(20558,'Benjamin','Dyball'),(20559,'Winner','Anacona'),(20560,'Diego','Rosa'),(20561,'Connor','Swift'),(20562,'Dyer','Quintana'),(20563,'Clment','Russo'),(20564,'Marc','Hirschi'),(20565,'Joris','Nieuwenhuis'),(20566,'Alberto','Dainese'),(20567,'Mark','Donovan'),(20568,'Felix','Gall'),(20569,'Max','Kanter'),(20570,'Asbjrn','Kragh'),(20571,'Martin','Salmon'),(20572,'Florian','Stork'),(20573,'Ilan','Van Wilder'),(20574,'Thymen','Arensman'),(20575,'Mathieu','Burgaudeau'),(20576,'Jrme','Cousin'),(20577,'Geoffrey','Soupe'),(20578,'Romain','Cardis'),(20579,'Jonathan','Hivert'),(20580,'Pim','Ligthart'),(20581,'Lorrenzo','Manzin'),(20582,'Valentin','Ferron'),(20583,'Kenny','Elissonde'),(20584,'Pieter','Weening'),(20585,'Mads','Pedersen'),(20586,'Alexander','Kamp'),(20587,'Emils','Liepin'),(20588,'Juan Pedro','Lpez'),(20589,'Michel','Ries'),(20590,'Mikkel','Bjerg'),(20591,'Brandon','McNulty'),(20592,'Aliaksandr','Riabushenko'),(20593,'Alessandro','Covi'),(20594,'Ivo','Oliveira'),(20595,'Rui','Oliveira'),(20596,'Luca','Wackermann'),(20597,'Giovanni','Visconti'),(20598,'Simone','Bevilacqua'),(20599,'Etienne','van Empel'),(20600,'Edoardo','Zardini'),(20601,'Matteo','Spreafico'),(20602,'Lawrence','Naesen'),(20603,'Mark','Cavendish'),(20604,'Mathieu','van der Poel'),(20605,'Nicolas','Prodhomme'),(20606,'Dries','De Bondt'),(20607,'Gianni','Vermeersch'),(20608,'Oscar','Riesebeek'),(20609,'Alexander','Krieger'),(20610,'Jimmy','Janssens'),(20611,'Senne','Leysen'),(20612,'Jay','Vine'),(20613,'Floris','De Tier'),(20614,'Edward','Planckaert'),(20615,'Scott','Thwaites'),(20616,'Tobias','Bayer'),(20617,'Natnael','Tesfatsion'),(20618,'Filippo','Tagliani'),(20619,'Andrii','Ponomar'),(20620,'Nicola','Venchiarutti'),(20621,'Aleksandr','Vlasov'),(20622,'Samuele','Battistella'),(20623,'Franck','Bonnamour'),(20624,'Nacer','Bouhanni'),(20625,'Cyril','Lemoine'),(20626,'Umberto','Marengo'),(20627,'Davide','Gabburo'),(20628,'Samuele','Zoccarato'),(20629,'Giovanni','Aleotti'),(20630,'Jordi','Meeus'),(20631,'Ben','Zwiehoff'),(20632,'Anton','Palzer'),(20633,'Carlos','Canal'),(20634,'Ander','Okamika'),(20635,'Pelayo','Snchez'),(20636,'lvaro','Cuadros'),(20637,'Oier','Lazkano'),(20638,'Sergio','Martn'),(20639,'Attilio','Viviani'),(20640,'Rmy','Rochas'),(20641,'Piet','Allegaert'),(20642,'Eddy','Fin'),(20643,'Remco','Evenepoel'),(20644,'Stefan','Bissegger'),(20645,'Tim','Merlier'),(20646,'Danny','van Poppel'),(20647,'Bert','Van Lerberghe'),(20648,'Simon','Carr'),(20649,'Harry','Sweeny'),(20650,'Diego','Camargo'),(20651,'Lorenzo','Fortunato'),(20652,'Vincenzo','Albanese'),(20653,'Samuele','Rivi'),(20654,'Edward','Ravasi'),(20655,'Mark','Christian'),(20656,'Mrton','Dina'),(20657,'Davide','Bais'),(20658,'Alejandro','Ropero'),(20659,'Antonio','Soto'),(20660,'Gotzon','Martn'),(20661,'Xabier','Azparren'),(20662,'Joan','Bou'),(20663,'Lars','van den Berg'),(20664,'Antoine','Duchesne'),(20665,'Boy','van Poppel'),(20666,'Kvin','Geniets'),(20667,'Tom','Pidcock'),(20668,'Taco','van der Hoorn'),(20669,'Quinten','Hermans'),(20670,'Simone','Petilli'),(20671,'Riccardo','Minali'),(20672,'Wesley','Kreder'),(20673,'lie','Gesbert'),(20674,'Jonas','Rickaert'),(20675,'Loc','Vliegen'),(20676,'Itamar','Einhorn'),(20677,'Sep','Vanmarcke'),(20678,'Sebastian','Berwick'),(20679,'David','Dekker'),(20680,'Fabien','Doubey'),(20681,'Jonas','Rutsch'),(20682,'Nils','Eekhoff'),(20683,'Andreas','Kron'),(20684,'Florian','Vermeersch'),(20685,'Sylvain','Moniquet'),(20686,'Maxim','Van Gils'),(20687,'Matteo','Jorgenson'),(20688,'Petr','Vakoc'),(20689,'Johan','Jacobs'),(20690,'Daniel','McLay'),(20691,'Omer','Goldstein'),(20692,'Mauro','Schmid'),(20693,'Bert-Jan','Lindeman'),(20694,'Connor','Brown'),(20695,'Dimitri','Claeys'),(20696,'Rubn','Fernndez'),(20697,'Ryan','Mullen'),(20698,'Jrmy','Cabot'),(20699,'Quinn','Simmons'),(20700,'Guillaume','Van Keirsbulck'),(20701,'Lionel','Taminiaux'),(20702,'Simone','Velasco'),(20703,'Yevgeniy','Fedorov'),(20704,'Luca','Mozzato'),(20705,'Jrmy','Lecroq'),(20706,'Sebastian','Schnberger'),(20707,'Edoardo','Zambanini'),(20708,'Luca','Rastelli'),(20709,'Victor','Langellotti'),(20710,'Jos Manuel','Daz'),(20711,'Manuel','Pealver'),(20712,'Thomas','Champion'),(20713,'James','Shaw'),(20714,'Erik','Fetter'),(20715,'Ral','Garca'),(20716,'Francisco','Galvn'),(20717,'Urko','Berrade'),(20718,'Roger','Adri'),(20719,'Pau','Miquel'),(20720,'Jos Flix','Parra'),(20721,'Vojtech','Repa'),(20722,'Iba','Azurmendi'),(20723,'Clment','Davy'),(20724,'Jake','Stewart'),(20725,'Fabian','Lienhard'),(20726,'Ben','Tulett'),(20727,'Carlos','Rodrguez'),(20728,'Ben','Turner'),(20729,'Ethan','Hayter'),(20730,'Lucas','Plapp'),(20731,'Adrien','Petit'),(20732,'Biniam','Girmay'),(20733,'Barnabs','Pek'),(20734,'Julius','Johansen'),(20735,'Gijs','Leemreize'),(20736,'Pascal','Eenkhoorn'),(20737,'Cdric','Beullens'),(20738,'Filippo','Conca'),(20739,'Jarrod','Drizners'),(20740,'Mathias','Norsgaard'),(20741,'Amaury','Capiot'),(20742,'Matis','Louvel'),(20743,'Thibault','Guernalec'),(20744,'Kaden','Groves'),(20745,'Kelland','O\'Brien'),(20746,'Andreas','Leknessund'),(20747,'Kevin','Vermaerke'),(20748,'Romain','Combaud'),(20749,'Marco','Brenner'),(20750,'Jonas','Hvideberg'),(20751,'Henri','Vandenabeele'),(20752,'Mattias','Skjelmose'),(20753,'Otto','Vergaerde'),(20754,'Antonio','Tiberi'),(20755,'Daan','Hoole'),(20756,'Juan','Ayuso');
/*!40101 SET @saved_cs_client     = @@character_set_client */;
/*!50503 SET character_set_client = utf8mb4 */;
CREATE TABLE `team` (
  `teamid` int NOT NULL,
  `naam` varchar(128) DEFAULT NULL,
  PRIMARY KEY (`teamid`)
) ENGINE=InnoDB DEFAULT CHARSET=utf8mb4 COLLATE=utf8mb4_0900_ai_ci;
/*!40101 SET character_set_client = @saved_cs_client */;
INSERT INTO `team` (`teamid`, `naam`) VALUES (10000,'AG2R La Mondiale'),(10001,'Androni Giocattoli - Sidermec'),(10002,'Astana Pro Team'),(10003,'Bahrain - Merida'),(10004,'Bardiani - CSF'),(10005,'BORA - hansgrohe'),(10006,'Burgos - BH'),(10007,'Caja Rural - Seguros RGA'),(10008,'CCC Team'),(10009,'Cofidis, Solutions Crdits'),(10010,'Deceuninck - Quick-Step'),(10011,'EF Education First'),(10012,'Euskadi Basque Country - Murias'),(10013,'Groupama - FDJ'),(10014,'Israel Cycling Academy'),(10015,'Lotto - Soudal'),(10016,'Mitchelton - Scott'),(10017,'Movistar Team'),(10018,'Nippo - Vini Fantini - Faizan'),(10019,'Team Arka - Samsic'),(10020,'Team Dimension Data'),(10021,'Team INEOS'),(10022,'Team Jumbo - Visma'),(10023,'Team Katusha - Alpecin'),(10024,'Team Sunweb'),(10025,'Total Direct Energie'),(10026,'Trek - Segafredo'),(10027,'UAE Team Emirates'),(10028,'Wanty - Gobert Cycling Team'),(10029,'B&B Hotels - Vital Concept'),(10030,'Bahrain - McLaren'),(10031,'Bardiani - CSF - Faizan'),(10032,'Cofidis'),(10033,'EF Pro Cycling'),(10034,'INEOS Grenadiers'),(10035,'Israel Start-Up Nation'),(10036,'Jumbo - Visma'),(10037,'NTT Pro Cycling Team'),(10038,'Vini Zab - Brado - KTM'),(10039,'AG2R - Citron Team'),(10040,'Alpecin - Fenix'),(10041,'Astana - Premier Tech'),(10042,'Team BikeExchange'),(10043,'Bahrain Victorious'),(10044,'EF Education - Nippo'),(10045,'B&B Hotels p/b KTM'),(10046,'Team Qhubeka - NextHash'),(10047,'Team DSM'),(10048,'Intermarch - Wanty - Gobert Matriaux'),(10049,'TotalEnergies'),(10050,'EOLO - Kometa Cycling Team'),(10051,'Euskaltel - Euskadi'),(10052,'Alpecin - Deceuninck'),(10053,'Astana - Qazaqstan Team'),(10054,'B&B Hotels - KTM'),(10055,'Drone Hopper - Androni Giocattoli'),(10056,'EF Education - EasyPost'),(10057,'Equipo Kern Pharma'),(10058,'Israel - Premier Tech'),(10059,'Quick-Step - Alpha Vinyl Team'),(10060,'Team BikeExchange - Jayco');
